Год,Месяц,"Доходы, всего",Нефтегазовые доходы,Ненефтегазовые доходы,"Ненефтегазовые доходы, связанные с внутренним производством",Ненефтегазовые доходы - НДС (внутренний),Ненефтегазовые доходы - Акцизы,Ненефтегазовые доходы - Налог на прибыль,Ненефтегазовые доходы - Налог на доходы физических лиц,"Доходы, связанные с импортом","Доходы, связанные с импортом - НДС на ввозимые товары","Доходы, связанные с импортом - Акцизы на ввозимые товары","Доходы, связанные с импортом - Ввозные пошлины",Прочие доходы,"Расходы, всего",Расходы на общегосударственные вопросы,Расходы на национальную оборону,Расходы на национальную безопасность и правоохранительную деятельность,Расходы на национальную экономику,Расходы на жилищно-коммунальное хозяйство,Расходы на охрану окружающей среды,Расходы на образование,"Расходы на культуру, кинематографию",Расходы на здравоохранение,Расходы на социальную политику,Расходы на физическую культуру и спорт,Расходы на средства массовой информации,Расходы на обслуживание государственного и муниципального долга,Расходы на межбюджетные трансферты общего характера бюджетам бюджетной системы Российской Федерации,Дефицит (-)/Профицит (+),Ненефтегазовый дефицит,Источники финансирования дефицита федерального бюджета - всего,Источники внутреннего финансирования дефицита,Источники внутреннего финансирования дефицита (без учета изменения остатков на счетах),Сальдо внутреннего долга:,Привлечение,Погашение государственного внутреннего долга,Бюджетные кредиты:,Предоставление кредитов,Возврат кредитов,"Поступления от продажи акций и земельных участков, находящихся в государственной собственности",Курсовая разница,Изменение остатков на счетах ,Прочие источники внутреннего финансирования дефицита,Источники внешнего  финансирования дефицита,Привлечение кредитов и размещение ценных бумаг,Погашение внешнего долга,Другие источники внешнего финансирования,Код разреза,Код признака
2011,январь,804.9,355.6,449.3,212.0,182.5,21.3,8.2,,100.8,67.4,1.7,31.7,136.4,657.4,24.4,23.2,72.7,39.4,15.9,0.2,10.1,1.5,11.1,370.7,12.0,9.1,25.5,41.4,147.5,-208.1,-147.5,-148.0,253.6,-3.9,37.2,-41.1,0.3,0.0,0.3,7.8,-26.3,-401.6,275.7,0.5,0.1,-2.2,2.7,OKEI,386
2011,февраль,1505.6,692.3,813.3,329.0,282.2,31.1,15.7,,250.9,166.1,4.6,80.2,233.4,1427.1,59.3,186.9,155.1,119.2,22.4,1.6,44.2,6.4,72.9,597.6,12.7,11.0,49.9,87.9,78.5,-613.9,-78.5,-78.0,419.7,144.1,200.4,-56.3,-16.7,-17.0,0.3,103.7,-83.8,-497.7,272.3,-0.4,0.3,-3.6,2.9,OKEI,386
2011,март,2392.8,1134.1,1258.6,545.0,431.1,46.7,67.1,,443.2,293.2,8.7,141.3,270.5,2214.7,123.8,263.8,248.2,248.5,60.2,3.0,84.2,11.5,103.9,822.0,13.6,13.5,82.9,135.7,178.0,-956.1,-178.0,-157.2,496.3,284.5,340.8,-56.3,-38.4,-38.9,0.5,106.9,-114.3,-653.5,257.7,-20.9,0.3,-26.9,5.7,OKEI,386
2011,апрель,3339.7,1580.6,1759.1,775.1,604.1,65.1,105.9,,625.3,414.3,12.6,198.4,358.7,3176.6,178.2,437.5,333.8,428.7,75.7,4.2,126.6,19.8,130.4,1069.5,14.9,19.3,91.8,246.2,163.1,-1417.5,-163.1,-140.4,539.9,355.6,411.9,-56.3,-58.7,-60.7,2.0,113.3,-130.3,-680.3,260.1,-22.7,0.5,-28.8,5.6,OKEI,386
2011,май,4200.0,2067.0,2133.0,925.9,706.9,84.8,134.2,,808.8,540.3,16.6,251.8,398.3,3814.8,223.7,537.3,414.7,514.6,91.9,5.3,162.5,23.7,154.5,1260.4,16.4,26.2,98.8,284.8,385.3,-1681.8,-385.3,-331.9,659.6,473.2,573.6,-100.4,-67.6,-71.7,4.2,113.7,-126.6,-991.5,266.8,-53.4,0.9,-59.9,5.6,OKEI,386
2011,июнь,5306.4,2540.4,2766.0,1155.8,889.0,105.7,161.1,,986.3,661.5,19.9,304.9,623.8,4602.9,307.9,625.8,513.6,603.9,107.6,6.5,215.0,30.1,188.3,1513.1,21.9,30.8,108.4,330.0,703.5,-1836.9,-703.5,-648.8,809.7,660.2,830.5,-170.4,-74.2,-78.6,4.4,114.1,-123.1,-1458.5,232.6,-54.7,1.2,-65.1,9.2,OKEI,386
2011,июль,6233.8,3019.8,3214.0,1361.5,1042.9,127.8,190.8,,1164.8,782.1,23.3,359.4,687.7,5477.6,367.3,758.7,602.6,748.1,120.0,7.8,279.8,37.2,223.3,1791.7,24.9,35.7,134.9,345.6,756.3,-2263.6,-756.3,-705.8,896.1,766.2,976.4,-210.2,-74.0,-81.1,7.1,114.7,-169.5,-1601.8,258.6,-50.5,1.4,-66.5,14.6,OKEI,386
2011,август,7220.2,3509.0,3711.2,1538.1,1150.1,148.0,239.9,,1368.9,923.1,27.3,418.4,804.3,6431.5,414.4,855.2,688.5,851.7,137.7,9.1,311.4,41.7,263.2,2218.0,27.4,38.0,164.2,411.0,788.7,-2720.3,-788.7,-737.5,1046.0,775.8,1001.2,-225.4,-90.2,-97.9,7.6,115.1,-23.3,-1783.5,268.7,-51.1,1.8,-67.3,14.4,OKEI,386
2011,сентябрь,8213.0,3989.9,4223.1,1772.4,1340.8,170.7,260.8,,1568.4,1056.7,31.2,480.5,882.3,7082.1,488.1,908.4,787.6,969.2,157.9,10.3,346.5,47.9,298.9,2298.7,31.5,40.3,215.2,481.6,1130.9,-2859.0,-1130.9,-1054.2,1265.1,779.9,1050.2,-270.4,-94.3,-103.1,8.8,115.5,186.8,-2319.3,277.2,-76.7,2.0,-93.3,14.6,OKEI,386
2011,октябрь,9240.8,4535.3,4705.5,1964.9,1485.1,191.9,287.9,,1778.6,1195.9,36.0,546.7,961.9,7818.0,543.4,1028.0,878.3,1093.8,170.0,11.8,388.1,54.6,329.8,2516.7,33.2,50.4,226.0,494.1,1422.8,-3112.5,-1422.8,-1343.8,1439.1,1084.6,1355.0,-270.4,-88.9,-109.7,20.8,118.5,41.4,-2782.9,283.4,-79.0,2.3,-95.6,14.2,OKEI,386
2011,ноябрь,10164.8,5058.8,5106.0,2070.7,1547.4,211.6,311.8,,2006.3,1344.2,41.3,620.8,1029.0,8795.3,608.9,1101.6,991.0,1248.0,210.5,13.6,431.2,62.0,369.6,2840.0,35.3,54.3,237.4,591.9,1369.4,-3689.3,-1369.4,-1289.5,1471.8,1070.6,1369.7,-299.1,-90.8,-114.7,24.0,120.8,99.0,-2761.3,272.2,-80.0,2.5,-98.0,15.5,OKEI,386
2011,декабрь,11367.7,5641.8,5725.9,2327.6,1753.2,231.8,342.6,,2236.7,1497.2,46.6,692.9,1161.6,10925.6,777.8,1516.0,1259.8,1790.2,279.8,17.6,553.4,83.8,499.6,3128.5,44.2,61.1,262.7,651.3,442.0,-5199.7,-442.0,-336.9,1302.8,1079.7,1378.8,-299.1,-75.0,-128.5,53.5,126.2,142.3,-1639.7,29.7,-105.2,3.4,-101.1,-7.5,OKEI,386
2012,январь,1059.6,530.2,529.3,214.5,169.1,36.1,9.4,,137.4,94.1,3.1,40.2,177.4,1032.4,39.0,120.0,90.7,48.4,0.1,2.2,66.1,8.1,121.8,424.5,2.9,6.4,31.2,71.1,27.2,-503.0,-27.2,24.1,156.2,-7.3,37.7,-45.0,0.4,0.0,0.4,2.6,-159.1,-132.0,319.5,-51.3,0.1,-1.4,-50.0,OKEI,386
2012,февраль,1866.0,1015.8,850.2,314.7,241.0,50.0,23.7,,314.3,212.3,7.2,94.8,221.2,2065.6,82.5,450.3,214.5,126.2,4.0,4.1,99.9,14.8,151.0,728.8,5.9,11.5,62.6,109.6,-199.7,-1215.4,199.7,251.6,96.4,74.4,134.6,-60.2,-1.4,-2.0,0.6,3.2,-303.8,155.2,324.1,-51.9,0.1,-2.2,-49.8,OKEI,386
2012,март,2966.3,1544.9,1421.5,601.7,464.8,70.5,66.4,,514.3,346.4,11.6,156.3,305.5,3036.5,159.6,562.5,343.4,246.0,11.6,6.4,206.5,20.5,187.0,986.7,10.4,15.7,111.5,168.8,-70.2,-1615.0,70.2,166.1,230.5,114.0,174.2,-60.2,1.8,-2.5,4.3,4.3,-259.3,-64.4,369.8,-96.0,0.4,-26.7,-69.7,OKEI,386
2012,апрель,4058.7,2104.8,1953.9,858.9,663.1,96.2,99.6,,703.1,471.4,15.7,216.1,391.8,4110.0,227.0,764.5,469.2,422.2,16.1,8.1,259.8,27.9,216.7,1320.8,14.8,27.7,119.1,216.4,-51.4,-2156.2,51.4,-52.0,291.8,149.4,209.7,-60.2,-20.0,-29.7,9.7,5.3,-258.8,-343.8,415.9,103.4,202.8,-29.0,-70.4,OKEI,386
2012,май,5083.3,2688.1,2395.2,1033.9,761.2,122.1,150.5,,914.1,613.9,20.1,280.1,447.3,4951.2,281.2,884.6,593.4,517.4,24.7,8.6,282.3,34.8,267.0,1631.8,15.6,29.7,128.6,251.4,132.1,-2555.9,-132.1,-233.5,628.9,189.4,249.7,-60.2,-17.6,-32.3,14.8,5.7,39.7,-862.5,411.8,101.4,203.2,-31.5,-70.3,OKEI,386
2012,июнь,6200.4,3226.1,2974.3,1308.2,978.4,152.0,177.8,,1128.1,756.7,24.4,347.0,538.0,5929.7,356.7,967.3,729.9,684.8,34.3,9.7,355.1,39.9,302.4,1934.8,19.1,37.6,155.5,302.6,270.7,-2955.4,-270.7,-373.6,745.6,245.2,305.5,-60.2,-2.5,-41.5,38.9,6.1,109.4,-1119.2,387.4,102.9,203.6,-34.7,-66.0,OKEI,386
2012,июль,7245.9,3734.5,3511.5,1539.9,1134.0,197.9,208.0,,1358.6,911.7,28.9,418.1,613.0,6960.8,429.6,1102.2,860.1,844.7,43.1,13.5,397.5,48.2,333.0,2281.2,25.8,46.5,184.6,350.9,285.1,-3449.4,-285.1,-393.0,599.4,172.5,426.6,-254.1,6.2,-48.9,55.1,6.5,-19.3,-992.3,433.5,107.9,203.9,-35.3,-60.7,OKEI,386
2012,август,8352.1,4225.0,4127.1,1711.8,1221.7,218.7,271.4,,1596.3,1071.5,33.6,491.2,819.0,7819.7,484.6,1177.9,991.0,974.8,53.8,14.1,410.6,50.9,356.1,2620.6,28.0,47.4,221.6,388.4,532.3,-3692.6,-532.3,-639.5,706.7,255.6,524.9,-269.3,2.4,-56.8,59.2,6.6,37.3,-1346.2,404.9,107.2,204.2,-38.4,-58.6,OKEI,386
2012,сентябрь,9385.4,4739.7,4645.7,1970.8,1438.2,246.2,286.4,,1790.8,1206.1,37.6,547.1,884.1,8714.2,531.7,1216.7,1128.0,1125.9,69.2,15.9,475.7,54.9,378.5,2923.5,30.3,57.7,274.3,432.0,671.2,-4068.5,-671.2,-748.2,627.8,277.7,591.1,-313.4,-1.8,-78.0,76.2,6.7,-88.5,-1375.9,433.6,77.0,204.9,-63.5,-64.3,OKEI,386
2012,октябрь,10453.2,5276.2,5177.0,2202.7,1602.9,277.3,322.5,,2014.9,1360.5,42.2,612.2,959.5,9729.4,617.6,1342.1,1272.3,1270.8,87.7,18.6,515.1,65.8,444.2,3228.2,35.7,63.4,293.5,474.3,723.9,-4552.3,-723.9,-799.3,839.5,378.9,737.3,-358.3,-3.9,-88.2,84.3,18.0,-10.8,-1638.9,457.4,75.5,204.9,-65.1,-64.4,OKEI,386
2012,ноябрь,11404.8,5842.5,5562.4,2303.8,1653.1,308.1,342.6,,2227.4,1507.4,47.1,672.9,1031.2,10611.1,674.7,1455.2,1462.3,1349.9,103.7,19.4,540.8,71.8,484.1,3538.1,37.8,65.0,299.1,509.4,793.7,-5048.8,-793.7,-852.9,905.0,424.8,825.2,-400.4,13.3,-88.4,101.7,41.1,-72.5,-1757.9,498.2,59.2,205.0,-66.3,-79.5,OKEI,386
2012,декабрь,12855.5,6453.2,6402.4,2603.8,1886.1,341.9,375.8,,2445.8,1659.7,53.4,732.8,1352.7,12895.0,809.9,1812.4,1843.0,1968.5,228.8,22.5,603.8,89.9,613.8,3859.7,45.7,77.5,320.0,599.4,-39.4,-6492.6,39.4,21.4,420.7,511.4,911.9,-400.4,-2.3,-129.8,127.4,43.9,-122.6,-399.3,-9.7,18.1,206.3,-69.1,-119.2,OKEI,386
2013,январь,1093.1,465.9,627.2,244.5,172.3,57.1,15.2,,142.3,99.0,3.0,40.3,240.4,1108.7,65.3,228.4,102.2,77.3,1.0,0.5,79.9,7.6,17.6,410.6,1.0,14.1,28.7,74.6,-15.6,-481.5,15.6,14.2,265.3,-78.1,71.9,-150.0,6.8,0.0,6.8,16.3,-22.9,-251.1,343.3,1.4,0.5,-1.2,2.1,OKEI,386
2013,февраль,1981.3,976.7,1004.6,357.1,250.1,75.2,31.9,,325.1,223.3,7.0,94.8,322.3,2150.3,106.2,515.1,230.8,160.8,3.6,4.6,97.7,10.6,96.6,716.3,6.5,15.0,66.8,119.8,-169.0,-1145.7,169.0,167.3,256.0,-131.9,147.8,-279.7,15.4,0.0,15.4,16.6,-14.3,-88.7,370.2,1.7,5.6,-1.6,-2.2,OKEI,386
2013,март,3105.6,1503.7,1601.9,669.7,495.1,100.8,73.7,,522.2,357.4,11.9,152.9,410.1,3167.8,161.2,689.3,383.5,334.7,8.9,5.0,178.8,11.6,142.2,936.7,11.9,15.5,120.5,168.1,-62.2,-1565.9,62.2,85.9,255.1,-179.4,188.9,-368.3,12.8,-6.8,19.6,17.0,15.6,-169.2,389.0,-23.7,0.6,-26.3,2.0,OKEI,386
2013,апрель,4224.4,2087.6,2136.8,885.1,636.7,136.1,112.2,,737.3,502.7,17.4,217.2,514.4,4230.8,238.6,863.6,538.6,461.1,11.2,9.1,268.4,21.8,191.4,1226.9,15.8,30.6,140.6,213.3,-6.4,-2094.0,6.4,30.9,495.3,-55.1,313.2,-368.3,9.3,-11.8,21.2,17.2,98.5,-464.4,425.4,-24.5,0.8,-27.9,2.6,OKEI,386
2013,май,5115.5,2611.3,2504.2,1037.2,730.8,171.5,134.9,,929.1,635.4,22.4,271.3,538.0,4924.2,292.7,970.3,683.0,527.6,24.6,10.1,285.3,27.7,207.7,1443.8,16.8,30.9,142.8,260.8,191.3,-2420.0,-191.3,-152.4,517.1,-16.7,351.6,-368.3,1.4,-20.9,22.4,17.2,124.0,-669.5,391.1,-38.9,0.8,-29.7,-9.9,OKEI,386
2013,июнь,6257.7,3099.1,3158.5,1349.9,978.7,210.6,160.6,,1121.9,769.0,27.1,325.8,686.7,5889.8,350.6,1086.9,847.9,633.3,62.3,12.8,341.3,32.3,225.0,1750.0,29.4,37.9,175.9,304.3,367.9,-2731.2,-367.9,-330.6,668.0,-6.8,361.5,-368.3,-12.3,-39.7,27.3,17.4,321.8,-998.6,347.8,-37.2,1.2,-32.9,-5.6,OKEI,386
2013,июль,7330.0,3635.7,3694.3,1568.5,1114.9,251.8,201.9,,1344.4,921.7,32.2,390.5,781.3,7042.8,444.5,1205.8,1011.0,822.8,67.6,16.1,401.8,43.6,266.5,2120.9,33.9,49.0,201.3,358.1,287.2,-3348.5,-287.2,-245.0,811.0,15.8,432.5,-416.7,-16.9,-48.6,31.6,18.9,388.8,-1056.0,404.4,-42.2,1.4,-34.1,-9.5,OKEI,386
2013,август,8418.2,4180.6,4237.6,1702.9,1170.9,290.6,241.4,,1554.5,1066.0,37.0,451.5,980.2,7977.9,496.7,1321.6,1164.2,928.3,73.6,16.6,463.1,48.0,281.9,2445.9,37.5,50.7,246.8,402.9,440.2,-3740.3,-440.2,-392.3,857.2,53.3,470.0,-416.7,-23.7,-66.1,42.4,20.1,448.6,-1249.5,359.0,-47.9,1.7,-34.6,-15.0,OKEI,386
2013,сентябрь,9604.5,4774.2,4830.3,2000.1,1406.4,334.3,259.4,,1759.6,1210.0,42.2,507.3,1070.6,8951.6,555.4,1400.6,1319.1,1049.7,88.4,18.6,523.3,52.9,299.1,2781.1,42.7,51.9,300.3,468.4,652.9,-4121.3,-652.9,-803.9,838.6,110.5,527.2,-416.7,-26.9,-71.1,44.2,20.2,360.8,-1642.5,374.0,151.0,227.1,-59.9,-16.1,OKEI,386
2013,октябрь,10740.6,5359.6,5381.0,2232.2,1553.9,374.7,303.6,,1981.0,1366.0,48.6,566.4,1167.8,10081.4,647.0,1515.6,1484.0,1247.1,97.5,20.8,567.2,64.1,340.2,3139.3,48.1,66.8,321.5,522.1,659.2,-4700.4,-659.2,-823.9,999.6,200.4,663.7,-463.3,-33.1,-80.9,47.8,21.4,355.5,-1823.5,455.3,164.8,227.2,-61.0,-1.4,OKEI,386
2013,ноябрь,11758.7,5940.7,5818.0,2391.7,1650.8,415.9,325.0,,2187.7,1509.6,55.3,622.8,1238.6,11116.7,706.8,1660.7,1688.4,1379.5,109.9,21.3,597.5,69.6,365.0,3495.3,51.0,67.8,328.8,575.1,642.0,-5298.7,-642.0,-807.6,1235.3,287.5,750.8,-463.3,-26.9,-85.2,58.3,40.9,530.9,-2042.9,403.0,165.6,227.3,-62.7,0.9,OKEI,386
2013,декабрь,13019.9,6534.0,6485.9,2681.5,1868.2,461.0,352.2,,2418.0,1670.8,63.4,683.8,1386.4,13342.9,850.7,2103.6,2061.6,1849.3,177.5,24.3,672.3,94.8,502.0,3833.1,68.0,77.3,360.3,668.1,-323.0,-6857.0,323.0,270.2,831.8,358.4,821.7,-463.3,-40.3,-132.5,92.3,41.6,481.3,-561.6,-9.2,52.7,227.8,-65.2,-109.9,OKEI,386
2014,январь,1326.7,615.0,711.6,290.9,192.0,81.9,17.0,,147.9,104.9,4.0,39.0,272.8,761.2,67.0,68.1,116.8,57.7,0.0,2.4,60.8,4.3,19.5,252.4,4.6,3.9,23.5,80.3,565.5,-49.5,-565.5,-564.4,764.0,11.0,11.0,0.0,0.2,0.0,0.2,3.2,396.7,-1328.5,352.9,-1.1,0.0,-1.3,0.2,OKEI,386
2014,февраль,2368.6,1233.8,1134.8,451.5,317.3,98.9,35.3,,335.3,235.2,8.8,91.2,348.0,2261.5,158.7,696.5,267.5,208.5,29.9,2.9,91.1,10.6,90.3,477.6,5.6,12.8,76.7,132.8,107.0,-1126.8,-107.0,-106.1,969.7,35.6,35.6,0.0,12.8,0.0,12.8,22.8,543.0,-1075.8,355.4,-0.9,0.0,-1.8,0.8,OKEI,386
2014,март,3521.4,1826.7,1694.7,772.7,565.5,125.4,81.7,,539.1,376.9,14.8,147.4,383.0,3345.7,216.1,974.2,427.1,355.8,30.5,5.0,135.1,18.1,112.3,728.7,6.0,17.4,132.9,186.6,175.7,-1650.9,-175.7,-157.1,863.2,-3.4,135.5,-138.9,16.2,-1.5,17.7,24.2,492.1,-1020.3,334.0,-18.6,0.1,-29.8,11.1,OKEI,386
2014,апрель,4754.3,2516.7,2237.6,1067.1,771.3,160.2,135.5,,757.4,529.3,21.5,206.7,413.1,4626.2,300.1,1172.6,588.6,507.2,35.3,10.2,249.6,26.9,155.7,1107.1,10.1,30.3,155.5,276.8,128.1,-2388.6,-128.1,-105.8,991.7,3.7,142.6,-138.9,8.0,-11.8,19.8,25.5,525.3,-1097.5,429.2,-22.2,0.6,-31.2,8.3,OKEI,386
2014,май,5882.6,3148.7,2733.9,1261.3,901.8,200.0,159.5,,952.8,667.4,27.3,258.1,519.8,5406.4,343.3,1297.5,737.7,608.0,38.8,16.5,273.0,29.2,177.2,1341.5,12.8,30.8,165.1,335.0,476.2,-2672.5,-476.2,-452.5,748.1,25.7,164.5,-138.9,-2.2,-23.8,21.5,27.1,310.5,-1200.6,387.1,-23.7,0.6,-32.4,8.1,OKEI,386
2014,июнь,7120.9,3703.4,3417.5,1586.4,1163.2,242.1,181.2,,1140.0,799.5,32.8,307.8,691.0,6402.1,412.8,1415.0,898.1,789.1,42.5,18.1,320.2,41.4,204.3,1602.8,18.1,38.6,200.8,400.4,718.8,-2984.6,-718.8,-698.1,572.5,55.3,194.2,-138.9,-3.1,-26.4,23.3,27.1,134.0,-1270.6,359.2,-20.7,0.9,-34.9,13.4,OKEI,386
2014,июль,8255.7,4313.9,3941.8,1825.5,1302.3,283.4,239.8,,1352.9,950.2,38.3,364.4,763.3,7516.5,506.0,1551.6,1061.7,935.5,67.2,21.8,386.0,48.7,260.5,1927.1,24.3,46.5,225.9,453.7,739.1,-3574.7,-739.1,-706.8,932.4,88.0,226.8,-138.9,-3.2,-27.5,24.3,27.9,447.0,-1639.1,372.7,-32.4,1.2,-37.2,3.6,OKEI,386
2014,август,9439.6,4887.3,4552.3,2000.6,1393.9,328.4,278.2,,1542.8,1082.4,43.8,416.7,1008.9,8467.4,550.4,1678.4,1211.5,1073.9,73.4,29.2,426.4,52.1,313.4,2182.7,26.0,47.0,283.4,519.6,972.3,-3915.1,-972.3,-939.8,1035.3,43.0,226.8,-183.9,-3.1,-28.3,25.2,27.9,592.3,-1975.1,375.2,-32.4,1.3,-37.8,4.0,OKEI,386
2014,сентябрь,10698.3,5494.7,5203.6,2360.9,1663.8,376.4,320.7,,1750.5,1230.8,50.3,469.5,1092.1,9529.0,608.3,1822.2,1372.2,1251.2,81.0,30.8,479.8,63.4,358.4,2441.4,31.3,53.6,341.9,593.5,1169.3,-4325.4,-1169.3,-1056.5,1173.2,51.7,235.5,-183.9,-8.3,-39.9,31.6,28.2,890.1,-2229.8,211.6,-112.8,1.6,-66.9,-47.5,OKEI,386
2014,октябрь,11891.6,6113.1,5778.5,2591.1,1816.3,423.2,351.6,,1977.8,1394.2,57.2,526.4,1209.6,10713.9,707.2,1942.1,1542.4,1431.7,84.6,33.8,537.0,71.9,411.7,2823.9,36.2,64.3,368.7,658.4,1177.7,-4935.5,-1177.7,-1061.2,1769.1,59.2,247.9,-188.7,-74.5,-113.3,38.8,29.2,1518.5,-2830.3,236.6,-116.5,2.2,-69.4,-49.2,OKEI,386
2014,ноябрь,12951.4,6718.8,6232.6,2756.7,1914.2,469.8,372.7,,2184.5,1542.6,63.5,578.4,1291.5,11639.2,767.2,2096.2,1734.4,1527.2,89.3,40.3,566.4,79.0,437.3,3097.7,42.4,65.1,378.3,718.5,1312.2,-5406.6,-1312.2,-1180.9,2607.1,-19.7,248.9,-268.7,-102.0,-150.1,48.0,29.5,2441.0,-3788.0,258.4,-131.3,2.2,-71.1,-62.4,OKEI,386
2014,декабрь,14496.9,7433.8,7063.1,3113.6,2181.4,520.8,411.3,,2474.3,1750.2,71.6,652.5,1475.2,14831.6,935.7,2479.1,2086.2,3062.9,119.6,46.4,638.3,97.8,535.5,3452.4,71.2,74.8,415.6,816.1,-334.7,-7768.5,334.7,481.4,4076.3,1025.3,1348.9,-323.7,-165.0,-247.8,82.8,29.7,3487.0,-3594.9,-300.8,-146.7,2.6,-74.8,-74.4,OKEI,386
2015,январь,1324.2,520.8,803.4,312.9,215.9,81.8,15.3,,145.1,106.5,3.1,35.6,345.4,1540.0,73.6,673.4,109.7,132.0,0.0,2.2,71.4,4.9,13.6,324.3,3.2,6.4,31.4,93.9,-215.9,-736.6,215.9,245.0,2763.6,3.4,3.4,0.0,0.9,0.0,0.9,0.2,1665.1,-2518.6,1093.9,-29.1,0.1,-0.3,-28.9,OKEI,386
2015,февраль,2278.9,1046.3,1232.6,492.2,351.3,110.5,30.5,,340.9,249.1,6.5,85.2,399.4,2958.7,132.5,1261.0,251.7,269.2,0.5,11.4,102.0,14.3,49.2,615.9,8.0,14.7,89.4,138.9,-679.8,-1726.1,679.8,706.7,1404.9,30.7,50.7,-20.0,-2.9,-4.0,1.1,0.3,494.0,-698.2,882.9,-26.9,0.1,-1.0,-26.0,OKEI,386
2015,март,3438.1,1545.6,1892.5,914.9,679.9,142.5,92.5,,552.2,401.9,10.6,139.8,425.4,4130.0,198.1,1453.2,410.8,399.4,44.7,13.5,130.5,18.8,106.7,978.0,12.8,15.5,162.3,185.7,-691.9,-2237.5,691.9,745.7,562.1,-100.2,92.3,-192.5,-13.6,-22.0,8.3,0.3,-48.4,183.7,724.0,-53.8,0.5,-45.9,-8.4,OKEI,386
2015,апрель,4550.1,2018.5,2531.6,1309.6,930.4,176.6,202.6,,732.2,534.4,14.5,183.3,489.8,5456.8,308.3,1651.5,578.5,565.2,46.0,23.9,244.2,30.0,166.6,1355.1,24.8,30.3,195.5,237.0,-906.7,-2925.2,906.7,1073.5,-206.7,-1.5,191.0,-192.5,-54.0,-70.8,16.7,0.9,-909.7,1280.2,757.6,-166.8,1.0,-151.2,-16.7,OKEI,386
2015,май,5360.8,2471.4,2889.4,1468.3,1019.6,211.8,236.9,,882.8,645.6,18.1,219.2,538.2,6304.5,368.5,1780.0,722.6,658.4,47.8,25.9,275.2,32.6,185.7,1653.5,28.0,32.2,210.5,283.5,-943.7,-3415.1,943.7,1114.5,-61.2,76.4,268.9,-192.5,-59.1,-82.3,23.1,1.0,-750.8,1175.7,671.3,-170.8,1.5,-153.0,-19.2,OKEI,386
2015,июнь,6620.9,2976.0,3644.9,1819.3,1303.6,247.7,267.9,,1070.2,784.6,21.7,263.9,755.4,7418.5,451.6,1912.7,883.6,830.1,53.5,30.8,342.9,38.6,206.4,2001.4,29.7,38.8,263.3,335.1,-797.7,-3773.7,797.7,974.9,150.2,-54.7,355.0,-409.7,-66.9,-108.8,41.9,1.4,-337.7,824.7,608.2,-177.2,1.9,-156.7,-22.5,OKEI,386
2015,июль,7796.0,3505.1,4290.9,2141.0,1537.6,288.8,314.6,,1275.3,936.0,25.8,313.5,874.6,8838.7,562.3,2043.4,1043.8,1167.4,58.6,36.9,385.4,49.5,279.4,2435.1,43.7,48.9,289.9,394.4,-1042.6,-4547.7,1042.6,1256.1,742.2,44.6,590.9,-546.3,-71.0,-132.9,61.9,2.6,95.7,513.8,670.4,-213.4,2.3,-157.6,-58.1,OKEI,386
2015,август,8959.9,4033.2,4926.8,2309.8,1621.9,333.7,354.2,,1487.6,1092.3,30.4,364.9,1129.3,9867.0,621.2,2200.1,1190.9,1331.0,65.2,37.5,404.0,52.5,303.7,2751.9,45.0,50.6,370.6,443.0,-907.1,-4940.3,907.1,1120.1,1704.2,19.2,605.3,-586.0,-51.4,-140.2,88.8,3.8,1202.6,-584.2,530.0,-213.0,2.3,-158.5,-56.9,OKEI,386
2015,сентябрь,10145.4,4511.6,5633.8,2687.1,1900.1,383.0,403.9,,1720.1,1267.9,35.6,416.7,1226.6,10794.3,692.1,2309.0,1342.8,1453.1,69.2,40.2,433.1,58.6,331.0,3067.7,51.8,67.9,389.6,488.1,-648.9,-5160.5,648.9,915.4,1443.9,-152.7,663.3,-815.9,-94.6,-199.6,105.0,4.8,1147.7,-528.4,538.6,-266.5,2.4,-228.6,-40.3,OKEI,386
2015,октябрь,11337.3,4971.1,6366.2,3014.9,2138.7,432.3,443.8,,1936.1,1432.7,41.1,462.4,1415.1,11983.6,800.3,2426.4,1495.7,1588.6,85.0,43.2,521.9,70.6,393.6,3464.5,56.3,72.7,431.8,532.9,-646.4,-5617.4,646.4,918.4,1228.8,-78.6,737.4,-815.9,-145.6,-276.2,130.6,5.2,813.8,-310.3,634.0,-272.1,2.6,-229.9,-44.8,OKEI,386
2015,ноябрь,12176.1,5411.0,6765.1,3089.8,2150.5,476.5,462.8,,2143.9,1588.9,46.5,508.6,1531.4,13021.0,865.1,2607.6,1657.1,1730.5,98.9,45.0,557.8,77.5,430.5,3776.2,57.4,77.9,459.6,579.8,-844.8,-6255.9,844.8,1126.6,1224.4,-34.4,786.3,-820.8,-155.6,-292.0,136.5,6.1,918.2,-97.9,490.1,-281.7,3.3,-232.6,-52.4,OKEI,386
2015,декабрь,13659.2,5862.7,7796.6,3467.6,2448.3,527.9,491.4,,2404.4,1785.2,54.0,565.2,1924.6,15620.3,1117.6,3181.4,1965.6,2324.2,144.1,49.7,610.6,89.9,516.0,4265.3,73.0,82.1,518.7,682.0,-1961.0,-7823.7,1961.0,2257.0,1242.4,15.3,836.0,-820.8,-161.3,-341.5,180.2,6.3,1775.6,1014.6,-393.4,-296.0,4.9,-238.0,-62.9,OKEI,386
2016,январь,1094.0,371.1,723.0,447.1,300.7,127.4,19.1,,146.5,114.5,2.4,29.6,129.3,693.6,33.5,12.6,100.7,17.4,0.6,0.1,37.0,1.5,29.2,341.8,0.2,0.0,26.8,92.3,400.4,29.4,-400.4,-396.5,660.6,-36.7,60.3,-97.0,1.1,0.0,1.1,1.3,212.0,-1057.1,482.8,-3.9,0.1,-0.6,-3.5,OKEI,386
2016,февраль,1841.9,687.7,1154.2,581.4,394.2,149.4,37.7,,345.0,263.0,5.3,76.7,227.8,1940.7,114.9,336.3,231.2,75.9,1.8,11.6,90.7,8.6,59.7,744.6,4.6,3.1,120.2,137.6,-98.8,-786.5,98.8,105.0,843.8,-13.7,133.3,-147.0,-57.4,-62.1,4.6,1.6,232.3,-738.8,681.1,-6.2,0.2,-1.7,-4.7,OKEI,386
2016,март,2910.7,992.2,1918.5,1010.9,731.6,177.3,102.0,,578.4,441.9,10.0,126.5,329.2,3549.3,191.5,886.6,383.2,252.0,3.8,17.4,123.7,12.2,98.1,1183.7,6.1,13.0,195.1,183.0,-638.7,-1630.8,638.7,689.0,240.5,89.4,239.0,-149.6,-121.9,-144.9,22.9,2.1,-475.1,448.6,745.9,-50.4,0.4,-46.3,-4.5,OKEI,386
2016,апрель,3910.1,1318.5,2591.6,1375.8,986.4,217.8,171.6,,781.4,591.2,15.5,174.7,434.4,5045.8,300.9,1160.3,534.6,447.3,23.9,26.2,232.0,22.8,141.5,1661.9,9.5,18.4,237.2,229.2,-1135.7,-2454.2,1135.7,1185.7,33.9,185.5,335.1,-149.6,-116.6,-162.1,45.4,3.5,-786.7,1151.9,748.3,-50.0,0.9,-47.4,-3.5,OKEI,386
2016,май,4645.7,1682.9,2962.8,1488.0,1027.8,254.8,205.4,,976.4,738.1,19.8,218.5,498.4,6039.3,384.7,1296.5,678.8,564.2,27.3,32.1,260.3,29.1,170.8,2019.2,10.8,23.4,267.5,274.7,-1393.6,-3076.5,1393.6,1333.5,265.0,146.9,400.9,-254.0,-127.6,-186.7,59.1,6.2,-673.5,1068.5,913.0,60.1,115.1,-50.8,-4.2,OKEI,386
2016,июнь,5868.7,2108.2,3760.5,1882.5,1341.1,301.1,240.4,,1183.7,893.0,25.5,265.3,694.3,7297.9,478.2,1471.4,834.5,787.5,31.5,43.3,321.0,34.6,209.9,2398.8,17.1,31.2,314.0,324.8,-1429.2,-3537.4,1429.2,1337.0,131.3,244.5,498.4,-254.0,-142.7,-206.6,63.9,6.2,-911.0,1205.7,934.3,92.2,116.2,-55.7,31.7,OKEI,386
2016,июль,6970.3,2553.6,4416.8,2217.4,1574.3,349.6,293.5,,1387.5,1043.8,30.1,313.6,811.8,8412.3,576.9,1646.5,973.5,930.1,36.3,46.6,357.2,47.1,265.3,2771.0,20.1,36.5,334.1,371.0,-1442.0,-3995.5,1442.0,1345.4,581.5,312.0,595.2,-283.2,-149.9,-222.4,72.4,66.7,-647.2,763.9,999.8,96.5,116.2,-56.5,36.8,OKEI,386
2016,август,8144.0,2993.7,5150.3,2448.2,1702.0,405.0,341.2,,1614.6,1214.6,34.8,365.2,1087.6,9588.5,658.0,1793.1,1113.3,1122.7,40.1,47.8,381.2,51.5,311.7,3127.5,24.8,42.3,451.4,423.2,-1444.6,-4438.2,1444.6,1354.3,152.1,226.0,685.9,-459.9,-196.9,-274.9,77.9,67.2,-844.8,1202.1,900.7,90.3,116.5,-57.2,31.0,OKEI,386
2016,сентябрь,9295.4,3419.4,5876.0,2852.6,2002.7,460.9,388.9,,1837.3,1382.0,40.1,415.1,1186.2,10804.9,745.4,1952.6,1269.0,1396.9,44.7,51.2,411.9,56.1,353.6,3465.1,29.6,50.2,497.8,480.7,-1509.5,-4928.9,1509.5,1380.5,-91.6,266.0,788.9,-522.9,-190.1,-282.7,92.7,67.5,-993.9,1472.1,758.8,129.0,196.9,-98.5,30.6,OKEI,386
2016,октябрь,10441.6,3853.6,6588.0,3267.6,2323.3,516.3,428.0,,2053.5,1545.9,45.9,461.7,1266.9,11956.6,829.4,2152.5,1409.4,1545.8,50.9,53.8,500.6,65.2,401.2,3777.9,35.7,56.3,544.0,533.8,-1515.0,-5368.6,1515.0,1410.6,177.0,305.4,828.3,-522.9,-187.7,-298.1,110.5,397.7,-1116.0,1233.6,777.6,104.3,197.2,-99.5,6.6,OKEI,386
2016,ноябрь,11436.8,4350.0,7086.8,3395.6,2366.1,572.9,456.7,,2285.3,1719.4,53.5,512.4,1405.9,13170.4,920.4,2348.8,1572.5,1748.1,56.6,54.1,529.9,72.5,446.7,4154.8,44.3,64.5,575.3,581.9,-1733.6,-6083.6,1733.6,1635.7,458.0,388.5,916.2,-527.7,-185.1,-304.6,119.5,398.6,-995.1,1177.6,851.0,97.9,197.9,-101.8,1.8,OKEI,386
2016,декабрь,13460.0,4844.0,8616.0,3780.6,2657.4,632.2,491.0,,2539.6,1913.6,62.1,563.9,2295.8,16416.4,1095.6,3775.3,1898.7,2302.1,72.2,63.1,597.8,87.3,506.3,4588.5,59.6,76.6,621.3,672.0,-2956.4,-7800.4,2956.4,2913.6,-683.7,492.4,1054.9,-562.5,-177.9,-355.0,177.1,406.8,-1345.0,3597.3,-60.0,42.8,199.1,-106.1,-50.2,OKEI,386
2017,январь,1266.0,485.1,780.9,557.0,330.3,200.0,26.7,,148.2,113.3,4.0,30.9,75.7,1230.5,53.2,28.9,101.2,14.6,0.6,12.7,69.8,1.1,11.7,821.3,3.2,0.1,51.1,61.0,35.5,-449.6,-35.5,-36.0,1393.1,119.3,119.3,0.0,3.0,0.0,3.0,0.5,3.8,-1429.1,1266.5,0.5,0.0,-0.3,0.8,OKEI,386
2017,февраль,2290.9,1014.9,1276.0,755.0,470.0,232.8,52.2,,326.4,248.0,8.4,70.0,194.5,2371.8,124.5,367.1,224.0,82.9,1.7,26.6,92.2,11.2,28.9,1153.2,4.0,2.3,131.7,121.5,-81.0,-1095.9,81.0,83.2,1084.0,210.7,240.2,-29.5,0.7,-4.7,5.4,0.9,-184.7,-1000.8,1056.4,-2.3,0.0,-1.0,-1.4,OKEI,386
2017,март,3630.8,1517.9,2112.9,1275.5,854.8,273.0,147.8,,555.2,421.3,14.2,119.7,282.2,3906.7,206.6,787.6,379.3,341.6,16.8,34.8,136.0,15.4,61.4,1524.6,6.7,11.4,192.6,192.1,-275.9,-1793.8,275.9,315.7,1211.1,357.7,392.2,-34.6,-11.8,-26.8,15.0,3.6,-271.8,-895.5,1133.4,-41.5,0.1,-37.8,-3.7,OKEI,386
2017,апрель,4757.7,1974.2,2783.5,1673.2,1147.8,323.4,202.0,,751.0,568.7,19.4,163.0,359.4,5277.9,339.4,1008.0,523.7,512.1,24.4,39.0,244.2,24.5,91.8,1944.5,15.3,17.8,242.6,250.6,-520.2,-2494.4,520.2,593.9,1461.9,368.8,552.4,-183.6,-15.2,-52.2,37.0,4.4,-189.7,-868.0,1293.6,-160.3,0.0,-150.3,-10.0,OKEI,386
2017,май,5823.7,2440.0,3383.7,1909.5,1221.6,383.0,304.9,,971.8,733.9,25.9,211.9,502.4,6392.5,402.5,1226.8,659.9,638.7,55.7,45.7,274.0,28.7,123.5,2300.6,21.9,24.3,279.0,311.1,-568.8,-3008.8,568.8,642.5,1609.6,348.7,532.3,-183.6,-38.1,-78.0,39.8,4.6,-184.8,-967.1,2446.3,-165.7,0.0,-154.2,-11.4,OKEI,386
2017,июнь,7122.0,2888.6,4233.5,2366.2,1570.5,436.3,359.4,,1205.1,910.8,31.9,262.3,662.2,7529.9,459.5,1355.2,808.0,863.7,61.9,55.9,318.2,37.3,174.2,2633.7,28.7,31.7,327.7,374.3,-407.8,-3296.4,407.8,398.0,1941.6,521.3,853.6,-332.2,31.1,-113.6,144.7,4.8,61.5,-1543.5,1322.8,9.8,181.7,-156.5,-15.4,OKEI,386
2017,июль,8369.3,3304.6,5064.7,2781.4,1827.2,506.8,447.3,,1442.4,1089.2,38.5,314.7,840.9,8793.0,599.4,1547.3,963.2,1043.3,71.1,61.1,371.6,47.8,212.1,3014.4,41.8,39.0,345.6,435.1,-423.7,-3728.3,423.7,405.5,1850.8,655.8,988.0,-332.2,8.5,-146.1,154.6,11.3,140.4,-1445.3,1034.8,18.2,182.0,-156.8,-7.0,OKEI,386
2017,август,9598.4,3753.9,5844.4,3040.1,1953.3,574.5,512.2,,1703.3,1286.8,46.7,369.8,1101.1,10002.2,673.3,1716.1,1097.3,1235.0,73.5,63.0,395.2,52.3,245.4,3408.0,47.9,44.7,456.2,494.5,-403.9,-4157.8,403.9,185.8,1989.5,948.9,1326.6,-377.7,-7.5,-181.8,174.2,11.3,52.2,-1803.7,984.6,10.8,182.4,-165.0,-6.6,OKEI,386
2017,сентябрь,10964.0,4246.2,6717.8,3578.7,2322.5,675.3,580.8,,1941.0,1466.2,53.9,421.0,1198.1,11191.2,748.9,1798.5,1264.6,1440.4,80.0,74.3,426.4,57.2,281.8,3809.5,52.4,52.0,542.1,563.0,-227.2,-4473.4,227.2,260.8,1985.8,944.7,1380.5,-435.7,0.6,-188.0,188.6,11.3,52.5,-1725.0,976.7,-41.0,407.6,-382.0,-66.6,OKEI,386
2017,октябрь,12282.4,4764.9,7517.5,4017.0,2607.9,754.9,654.2,,2190.5,1655.8,62.4,472.3,1310.0,12543.7,877.5,2009.0,1422.3,1604.9,86.1,84.1,515.0,65.9,324.6,4229.1,65.8,62.1,575.5,621.8,-261.4,-5026.2,261.4,298.9,2359.7,1069.1,1447.8,-378.8,27.3,-218.6,245.8,11.3,3.7,-2060.8,1248.3,-112.2,180.4,-191.6,-100.9,OKEI,386
2017,ноябрь,13418.7,5334.8,8084.0,4229.5,2703.1,830.5,695.9,,2453.3,1855.9,71.2,526.1,1401.2,13917.7,977.7,2345.9,1595.4,1771.4,100.8,88.2,548.5,72.8,361.6,4604.1,78.6,70.1,615.8,686.8,-499.0,-5833.7,499.0,649.0,2547.8,1181.7,1560.4,-378.8,33.6,-236.7,270.3,11.4,85.5,-1898.8,1235.7,-134.5,180.4,-195.7,-119.2,OKEI,386
2017,декабрь,15088.9,5971.9,9117.0,4741.9,3069.9,909.6,762.4,,2728.6,2067.2,78.2,583.2,1646.5,16420.3,1162.4,2852.3,1918.0,2460.1,119.5,92.4,615.0,89.7,439.8,4992.0,96.1,83.2,709.2,790.7,-1331.4,-7303.3,1331.4,542.9,1176.5,1123.5,1756.4,-633.0,-20.4,-333.8,313.5,14.3,59.1,-633.6,0.0,-126.3,409.3,-388.5,-147.2,OKEI,386
2018,январь,1304.5,661.3,643.1,407.6,314.6,59.4,33.7,,185.1,144.3,4.0,36.8,50.5,1113.4,114.9,87.5,117.4,29.8,32.8,13.4,77.2,11.6,15.7,477.7,4.0,0.2,64.2,66.8,191.1,-470.2,-191.1,-180.2,669.1,-43.1,150.7,-193.8,0.5,,0.5,0.1,-28.1,-849.3,739.6,-9.1,,-0.3,-8.8,OKEI,386
2018,февраль,2534.7,1289.6,1245.2,681.9,507.7,102.6,71.6,,407.3,314.3,9.3,83.8,155.9,2307.6,183.8,423.1,253.3,126.4,33.8,18.9,126.5,15.0,47.7,802.6,5.8,3.4,133.6,133.7,227.2,-1062.4,-227.2,-211.5,588.4,111.2,334.6,-223.4,0.6,,0.6,3.1,-54.0,-799.9,527.4,-15.0,,-1.0,-14.0,OKEI,386
2018,март,4076.3,1859.7,2216.7,1321.7,954.7,158.7,208.3,,660.8,505.9,16.8,138.1,234.2,3730.8,253.4,797.7,402.8,356.5,34.7,27.5,172.0,22.2,82.2,1153.5,7.6,13.1,205.2,202.4,345.5,-1514.1,-344.4,-403.3,525.0,10.9,472.3,-461.4,1.3,1.3,3.2,37.2,-928.3,472.4,59.0,229.6,-175.5,4.9,4.9,OKEI,386
2018,апрель,5529.0,2490.3,3038.7,1772.8,1234.4,228.9,309.6,,911.3,695.3,24.2,191.8,354.6,5346.6,385.9,1106.9,555.3,486.7,52.0,38.6,310.0,33.1,142.9,1633.0,14.1,21.5,276.7,290.0,182.4,-2307.9,-182.4,-235.4,1045.6,74.7,536.1,-461.4,2.1,,2.1,3.4,359.7,-1281.0,605.6,54.1,229.0,-176.5,1.6,OKEI,386
2018,май,6914.9,3174.9,3740.0,2109.4,1392.6,320.9,395.9,,1185.5,904.9,32.9,247.7,445.1,6453.7,467.4,1289.4,704.1,638.8,66.9,51.7,332.8,37.6,184.3,1950.6,20.2,27.7,317.8,364.5,461.1,-2713.7,-461.1,-516.8,1113.7,157.4,619.0,-461.6,2.1,,2.1,3.7,295.7,-1630.6,654.8,57.9,229.2,-178.5,7.2,OKEI,386
2018,июнь,8626.7,3935.0,4691.7,2626.2,1752.6,415.9,457.7,,1450.4,1105.5,41.6,303.2,615.1,7751.3,544.6,1483.3,859.8,823.7,77.1,66.1,402.8,42.2,225.4,2338.6,24.6,35.6,383.5,444.0,875.4,-3059.6,-875.4,-516.8,934.9,228.6,690.3,-461.8,18.8,,18.8,3.8,309.5,-1858.4,374.2,46.3,229.5,-182.0,-1.2,OKEI,386
2018,июль,10496.2,4684.3,5811.9,3199.8,2078.9,548.9,572.0,,1727.2,1315.4,49.9,361.9,884.9,9114.6,662.6,1654.8,1010.6,1003.2,82.0,77.1,439.0,54.0,277.2,2766.8,34.5,44.9,489.4,518.6,1381.6,-3302.7,-1381.6,-516.8,1160.7,369.5,831.5,-461.9,19.9,,19.9,7.5,318.6,-2424.4,445.1,-119.6,229.6,-344.8,-4.4,OKEI,386
2018,август,12222.4,5501.8,6720.6,3497.4,2244.5,590.1,662.8,,2020.4,1539.0,56.8,424.5,1202.8,10261.1,726.5,1811.9,1163.9,1179.1,89.0,84.8,459.8,58.0,315.5,3118.5,37.0,51.8,567.8,597.7,1961.3,-3540.5,-1961.3,-1836.5,1403.9,371.0,891.8,-520.8,20.0,,20.0,7.6,754.3,-3240.4,251.0,-125.8,229.7,-345.6,-9.9,OKEI,386
2018,сентябрь,13986.1,6302.1,7684.1,4077.2,2655.7,684.7,736.9,,2290.0,1745.3,65.0,479.7,1316.8,11370.2,814.6,1929.5,1304.3,1369.3,97.4,86.0,485.8,63.6,358.0,3452.5,39.1,58.9,621.3,689.8,2615.9,-3686.1,-2615.9,-2430.6,809.0,372.1,893.0,-520.9,24.5,,24.5,7.8,555.0,-3239.6,-150.4,-117.7,229.8,-363.6,16.1,OKEI,386
2018,октябрь,15802.3,7222.1,8580.3,4571.4,2976.4,742.2,852.7,,2591.7,1973.3,74.6,543.9,1417.1,12720.1,924.4,2082.3,1457.8,1557.8,110.2,91.5,560.8,75.4,408.0,3873.2,47.4,66.7,692.5,772.2,3082.2,-4139.8,-3082.2,-2892.3,1029.4,423.3,945.4,-522.0,28.2,,28.2,8.3,492.3,-3921.7,77.2,-129.8,230.1,-364.8,4.9,OKEI,386
2018,ноябрь,17454.9,8181.6,9273.3,4857.1,3135.2,799.1,922.8,,2886.9,2196.5,84.6,605.8,1529.3,14012.2,1013.8,2313.6,1638.7,1747.3,120.1,93.0,622.6,81.2,458.3,4216.7,49.8,73.8,734.8,848.6,3442.7,-4739.0,-3442.7,-3243.1,1155.4,472.4,994.5,-522.2,61.6,,61.6,8.6,545.6,-4451.9,67.3,-139.7,229.0,-354.0,-14.7,OKEI,386
2018,декабрь,19454.4,9017.8,10436.6,5430.9,3574.6,860.7,995.5,,3211.5,2442.1,96.3,673.0,1794.2,16713.0,1257.1,2827.0,1971.6,2402.1,148.8,116.0,722.6,94.9,537.3,4581.8,64.0,88.4,806.0,1095.4,2741.4,-6276.4,-2741.4,-2530.9,1471.2,507.5,1036.6,-529.0,69.9,,69.9,12.8,839.2,-4002.2,41.8,-135.5,305.3,-370.7,-70.0,OKEI,386
2019,январь,1486.3,680.8,805.6,485.8,378.9,57.6,49.3,,224.7,177.6,5.3,41.8,95.1,1119.6,71.3,70.0,113.8,22.8,27.8,3.1,110.2,11.4,13.7,554.2,4.2,0.4,47.5,69.1,366.7,-314.1,-366.7,-270.4,365.2,44.9,74.4,-29.6,0.1,,0.1,0.5,-332.2,-635.6,651.9,-96.3,0.2,-100.1,3.6,OKEI,386
2019,февраль,2844.0,1367.4,1476.6,734.3,549.9,94.2,90.2,,494.7,386.9,11.5,96.4,247.6,2465.3,159.5,388.6,255.1,131.3,39.2,46.4,142.2,16.2,51.7,975.4,5.6,5.1,111.4,137.5,378.7,-988.7,-378.7,-248.3,-57.3,56.2,234.7,-178.5,10.2,,10.2,0.9,-364.2,-191.0,239.7,-130.4,0.2,-101.0,-29.6,OKEI,386
2019,март,4590.0,1993.4,2596.6,1443.2,1062.1,126.4,254.8,,785.3,611.1,18.8,155.4,368.1,3924.1,244.9,802.5,404.2,289.1,41.2,62.4,165.4,19.0,160.4,1344.3,6.9,12.8,158.8,212.2,665.9,-1327.5,-665.9,-665.2,257.5,309.2,490.5,-181.3,9.1,,9.1,1.0,-575.5,-922.7,513.7,119.5,248.5,-123.8,-5.1,OKEI,386
2019,апрель,6361.1,2722.6,3638.5,1987.6,1362.4,160.6,464.5,,1098.0,852.2,25.9,219.9,553.0,5676.2,401.4,1120.1,565.8,454.9,92.7,79.4,330.0,33.6,225.6,1766.7,14.5,20.1,228.4,343.1,683.4,-2039.2,-683.4,-808.3,142.8,702.5,884.0,-181.5,9.2,,9.2,1.2,-606.2,-951.1,36.1,124.9,252.9,-125.1,-2.9,OKEI,386
2019,май,7867.4,3420.3,4447.1,2295.0,1575.5,181.0,538.5,,1395.6,1082.4,33.3,280.0,756.5,6584.2,444.7,1168.7,701.9,610.5,104.7,96.2,357.6,37.6,262.1,2106.4,16.5,25.7,290.8,360.7,1283.3,-2137.1,-1283.3,-1426.3,627.8,838.6,1251.8,-413.2,9.0,,9.0,1.4,-555.4,-2054.1,334.1,113.7,252.9,-126.6,-12.7,OKEI,386
2019,июнь,9549.9,4121.9,5428.0,2850.4,2059.6,205.0,585.8,,1675.1,1299.2,40.0,335.9,902.4,7854.1,532.1,1354.3,867.1,828.7,118.3,107.2,400.5,41.6,312.6,2447.7,19.5,34.2,356.5,434.0,1695.7,-2426.2,-1695.7,-1952.7,492.4,945.8,1359.2,-413.4,12.0,,12.0,1.5,-727.6,-2445.1,260.7,257.0,410.0,-130.2,-22.9,OKEI,386
2019,июль,11471.3,4782.9,6688.4,3446.5,2442.6,275.9,728.0,,1998.8,1550.7,47.5,400.6,1243.1,9320.2,672.4,1525.9,1021.4,1036.9,129.4,124.9,487.1,60.2,379.2,2884.1,27.0,45.3,412.7,513.8,2151.1,-2631.8,-2151.1,-2450.0,518.6,1070.2,1483.7,-413.5,16.4,0.0,16.4,5.3,-798.0,-2968.5,224.6,259.3,410.3,-130.4,-20.6,OKEI,386
2019,август,13256.7,5407.5,7849.2,3776.2,2627.7,309.0,839.5,,2314.9,1797.5,54.6,462.8,1758.0,10582.4,755.9,1750.8,1174.7,1221.6,143.4,134.1,515.5,66.8,432.9,3239.3,31.8,53.5,471.4,590.8,2674.3,-2733.2,-2674.3,-2929.7,983.6,1155.1,1568.7,-413.6,17.0,,17.0,5.5,-406.2,-3913.3,212.2,255.4,411.3,-131.3,-24.6,OKEI,386
2019,сентябрь,15034.7,6008.0,9026.7,4780.2,3160.1,702.0,918.1,,2613.4,2031.9,62.2,519.3,1633.1,12048.2,873.6,2086.6,1340.8,1430.7,153.8,145.4,556.8,72.4,482.4,3600.3,38.7,63.1,532.2,671.5,2986.6,-3021.5,-2986.6,-3336.9,415.9,1247.4,1661.0,-413.7,17.9,,17.9,5.5,-772.1,-3752.7,-82.9,350.7,411.4,-154.0,93.2,OKEI,386
2019,октябрь,16671.2,6676.7,9994.4,5281.8,3473.9,776.4,1031.4,,2956.0,2299.5,70.6,585.9,1756.7,13515.3,970.6,2175.6,1497.9,1698.9,187.3,156.5,649.7,86.2,546.4,4054.4,54.8,70.0,612.8,754.3,3155.9,-3520.8,-3155.9,-3542.2,887.1,1334.4,1856.5,-522.1,18.2,0.0,18.2,7.5,-705.4,-4429.3,232.5,349.9,411.3,-155.2,93.9,OKEI,386
2019,ноябрь,18025.6,7265.4,10760.2,5564.9,3618.9,855.5,1090.5,,3277.9,2551.4,79.2,647.2,1917.5,14926.3,1082.6,2422.5,1680.4,1911.0,200.7,160.0,721.1,94.9,596.1,4421.2,62.7,80.7,657.3,835.1,3099.3,-4166.1,-3099.3,-3480.9,1110.8,1401.3,1956.3,-555.1,52.4,0.0,52.4,7.6,-711.3,-4591.6,360.8,345.4,413.2,-156.7,88.8,OKEI,386
2019,декабрь,20188.8,7924.3,12264.5,6389.6,4257.8,946.7,1185.0,,3644.5,2837.4,90.3,716.9,2230.4,18214.5,1363.5,2997.4,2083.2,2827.1,282.2,197.6,826.5,122.4,713.0,4882.8,81.4,103.5,730.8,1003.1,1974.3,-5950.0,-1974.3,-2263.6,918.5,1377.6,2082.7,-705.2,55.9,0.0,55.9,11.5,-963.5,-3182.1,437.0,289.3,414.5,-160.2,35.0,OKEI,386
2020,январь,1556.5,615.9,940.6,504.6,366.0,93.6,45.0,,217.3,173.9,5.1,38.3,218.7,1624.4,111.6,135.1,122.6,84.0,41.9,37.6,135.1,14.8,299.6,504.7,5.0,0.5,58.1,73.7,-67.8,-683.8,67.8,66.2,277.3,-69.3,206.4,-275.7,0.0,,0.0,0.6,100.6,-211.1,245.4,-2.2,,-0.3,-2.0,OKEI,386
2020,февраль,2818.9,1224.3,1594.6,774.3,549.6,137.9,86.8,,466.3,367.1,11.2,88.0,354.0,2982.2,198.2,517.2,272.7,188.5,48.5,68.6,162.6,22.3,341.0,908.0,7.0,6.3,93.4,147.9,-163.3,-1387.6,163.3,179.0,1218.9,226.1,501.9,-275.8,0.0,,0.0,1.1,738.6,-1039.9,253.1,-15.7,0.1,-0.5,-15.3,OKEI,386
2020,март,4731.3,1787.9,2943.4,1642.0,1116.2,198.1,327.6,,790.1,614.4,20.1,155.6,511.3,4618.0,282.9,860.7,436.1,361.1,92.3,84.9,200.1,29.0,385.9,1417.4,9.5,17.8,171.4,269.0,113.4,-1674.6,-113.4,-68.2,2433.4,226.8,502.8,-276.0,0.0,,0.0,3.3,2452.6,-2501.6,-249.3,-45.1,0.1,-27.9,-17.4,OKEI,386
2020,апрель,7002.0,2222.5,4779.5,2073.6,1354.4,271.7,447.4,,1065.6,836.9,27.8,200.8,1640.3,6755.3,462.0,1081.3,608.8,574.1,118.0,105.8,383.5,45.2,489.7,2145.4,16.4,25.7,254.5,444.9,246.7,-1975.8,-246.7,53.1,121.5,538.4,842.9,-304.5,0.0,,0.0,3.3,1865.3,-68.3,-2285.6,-299.8,2.5,-288.6,-13.7,OKEI,386
2020,май,7891.0,2436.7,5454.3,2430.1,1596.8,342.3,491.0,,1314.1,1036.8,34.4,243.0,1710.1,8164.7,528.1,1328.2,759.2,774.1,139.3,120.3,410.1,49.6,574.5,2502.6,19.2,32.1,301.6,626.0,-273.7,-2710.4,273.7,579.7,294.3,713.0,1229.4,-516.4,0.0,,0.0,3.3,1571.3,285.4,-1993.4,-306.0,2.5,-290.0,-18.5,OKEI,386
2020,июнь,9091.9,2661.0,6430.8,3028.3,2078.6,412.9,536.8,,1589.6,1255.1,42.2,292.4,1812.9,9915.0,647.9,1514.8,948.8,1045.5,155.6,124.0,448.1,55.8,654.8,3194.8,23.1,41.6,349.7,710.5,-823.1,-3484.2,823.1,1133.0,-302.0,1096.1,1612.6,-516.5,2.0,0.0,2.0,3.4,1522.2,1434.9,-2925.7,-309.8,2.7,-293.9,-18.6,OKEI,386
2020,июль,10399.7,3002.1,7397.6,3571.1,2412.1,502.0,656.9,,1898.3,1498.0,49.9,350.3,1928.3,11794.9,811.6,1754.3,1127.9,1349.7,196.3,138.3,548.9,76.4,766.3,3705.2,30.4,49.0,399.1,841.6,-1395.2,-4397.3,1395.2,1698.2,613.4,1321.4,1837.9,-516.6,2.0,0.0,2.0,7.6,2156.5,1084.8,-2874.1,-303.0,2.7,-293.9,-11.9,OKEI,386
2020,август,11688.3,3407.0,8281.4,3895.1,2589.7,579.4,725.9,,2201.1,1735.4,57.6,408.1,2185.2,13256.8,906.6,1926.9,1290.2,1539.3,252.2,147.6,582.2,81.3,839.0,4223.9,34.8,56.5,456.4,919.9,-1568.5,-4975.4,1568.5,1873.7,1444.1,1499.1,2015.7,-516.7,3.3,0.0,3.3,7.6,2378.3,429.6,-2444.3,-305.2,2.7,-294.1,-13.9,OKEI,386
2020,сентябрь,13216.7,3854.0,9362.7,4494.3,3001.1,673.0,820.1,,2550.3,2007.9,67.1,475.2,2318.1,14873.5,1005.2,2097.8,1464.5,1785.6,282.1,182.1,630.6,86.6,927.9,4767.8,40.3,66.9,532.6,1003.7,-1656.8,-5510.9,1656.8,2048.1,2235.7,2305.0,2832.6,-527.5,3.3,0.0,3.3,7.6,2881.4,-187.7,-2961.6,-391.2,4.6,-388.5,-7.4,OKEI,386
2020,октябрь,15145.4,4328.5,10816.9,5122.4,3447.1,749.4,925.9,,2921.6,2295.4,77.1,549.1,2772.9,16842.1,1149.5,2322.0,1634.8,2043.8,290.7,195.8,741.3,101.1,1030.4,5468.1,46.8,77.1,643.6,1097.1,-1696.7,-6025.3,1696.7,2095.0,3918.7,3743.1,4270.8,-527.7,4.1,0.0,4.1,7.6,2840.0,-1823.7,-2676.1,-398.3,4.8,-389.7,-13.3,OKEI,386
2020,ноябрь,16528.6,4782.3,11746.3,5468.4,3677.9,825.2,965.3,,3299.9,2588.3,88.7,623.0,2978.0,18931.5,1254.6,2574.5,1845.4,2586.8,383.4,212.0,832.7,114.6,1152.8,5872.6,53.6,84.1,691.9,1272.3,-2402.9,-7185.2,2402.9,2726.7,4504.0,4497.8,5058.4,-560.6,6.7,0.0,6.7,7.6,2547.5,-1777.4,-2555.6,-231.7,185.5,-390.8,-26.4,OKEI,386
2020,декабрь,18719.1,5235.2,13483.8,6260.3,4268.6,900.3,1091.4,,3748.8,2933.5,102.1,713.2,3474.8,22821.6,1507.7,3168.8,2226.6,3483.9,371.5,260.6,956.9,144.5,1334.4,6990.3,75.3,121.1,784.2,1395.9,-4102.5,-9337.7,4102.5,4403.2,4529.8,4600.6,5176.4,-575.8,-217.2,-223.6,6.4,12.6,2440.2,-126.6,-2306.3,-300.8,188.2,-394.9,-94.0,OKEI,386
2021,январь,1504.0,490.8,1013.2,620.8,504.2,75.0,39.5,2.2,247.0,200.8,6.5,39.8,145.3,1560.0,138.8,122.8,119.0,56.0,40.2,6.7,121.7,18.2,122.7,659.8,5.6,0.1,77.1,71.2,-56.0,-546.8,56.0,61.5,483.5,32.1,61.7,-29.6,0.0,0.0,0.0,0.0,237.6,-422.0,213.7,-5.5,0.1,0.0,-5.6,OKEI,386
2021,февраль,2755.6,1035.7,1719.9,981.1,744.0,156.6,76.4,4.1,573.9,452.7,15.8,105.4,164.9,3291.9,215.2,518.1,284.2,211.6,108.6,62.9,186.7,23.8,183.0,1205.1,7.6,1.0,140.0,144.3,-536.3,-1572.0,536.3,549.7,343.4,108.4,206.7,-98.3,2.6,0.0,2.6,0.1,39.6,206.3,192.8,-13.4,0.2,-0.2,-13.4,OKEI,386
2021,март,5299.9,1618.0,3681.9,1911.8,1419.9,216.7,263.6,11.6,1002.8,785.0,27.7,190.1,767.4,5013.3,354.6,903.6,467.3,409.7,183.9,102.0,234.9,30.4,237.2,1614.3,9.4,5.4,238.5,222.1,286.6,-1331.4,-286.6,-238.9,538.7,624.4,739.4,-115.0,5.1,0.0,5.1,0.8,34.2,-777.6,-125.7,-47.8,3.0,-20.2,-30.6,OKEI,386
2021,апрель,7486.8,2511.4,4975.4,2613.1,1834.6,308.6,449.7,20.1,1429.6,1115.5,38.6,275.5,932.7,7156.9,528.0,1149.8,654.4,642.4,215.4,147.5,430.9,49.0,435.3,2158.1,17.5,16.4,351.9,360.4,329.9,-2181.5,-329.9,-269.0,1013.6,962.1,1223.8,-261.7,5.5,0.0,5.5,1.9,13.6,-1282.6,30.6,-60.9,3.2,-21.5,-42.7,OKEI,386
2021,май,9320.3,3129.0,6191.3,3058.1,2098.1,402.3,531.8,25.9,1807.6,1412.3,49.8,345.5,1325.6,8878.2,604.2,1339.8,808.7,1249.1,244.7,181.0,468.8,53.5,493.0,2604.0,20.1,25.6,410.6,374.9,442.1,-2686.9,-442.1,-504.7,1141.1,1086.7,1348.6,-261.9,5.5,0.0,5.5,2.1,-34.9,-1645.7,81.6,62.6,137.5,-22.5,-52.5,OKEI,386
2021,июнь,11265.8,3776.0,7489.8,3808.1,2651.0,487.4,636.7,33.0,2212.7,1730.4,61.2,421.2,1469.0,10491.1,719.1,1522.5,994.1,1507.5,255.2,215.9,535.5,60.0,573.0,3046.5,22.8,42.0,506.1,490.9,774.7,-3001.3,-774.7,-795.2,749.4,1274.0,1536.0,-262.0,10.6,0.0,10.6,2.2,-354.7,-1544.7,-182.6,20.6,138.2,-25.9,-91.7,OKEI,386
2021,июль,13651.1,4770.0,8881.1,4561.8,3121.6,571.1,827.6,41.6,2623.5,2051.2,73.1,499.2,1695.8,12615.9,914.2,1686.3,1176.4,1818.3,290.8,245.9,632.2,77.8,746.0,3733.4,36.2,52.0,587.2,619.1,1035.3,-3734.7,-1035.3,-1043.6,1438.1,1429.4,1691.6,-262.2,12.2,0.0,12.2,2.4,-194.9,-2481.7,189.0,8.4,138.2,-25.9,-103.9,OKEI,386
2021,август,15697.8,5465.9,10231.9,5006.6,3351.5,664.0,942.6,48.5,3008.8,2365.0,83.9,559.9,2216.5,14620.7,1041.0,1824.1,1346.4,2102.4,316.7,277.3,676.1,88.0,899.5,4571.8,40.7,61.2,675.3,700.3,1077.0,-4388.8,-1077.0,-1081.0,493.2,1568.5,2106.7,-538.3,-228.3,-240.7,12.4,3.6,-207.9,-1574.2,-642.6,4.0,138.2,-26.0,-108.2,OKEI,386
2021,сентябрь,17923.9,6184.8,11739.1,5928.5,4030.4,765.5,1076.8,55.9,3413.4,2686.6,95.2,631.6,2397.1,16298.9,1192.8,2060.1,1528.8,2379.7,358.7,296.2,733.2,93.6,970.7,5010.6,45.7,68.8,780.5,779.5,1625.0,-4559.8,-1625.0,-1609.1,1009.8,1748.9,2287.9,-539.0,-251.2,-263.6,12.4,3.9,-447.1,-2618.9,-44.8,-15.9,140.3,-45.2,-110.9,OKEI,386
2021,октябрь,20431.7,7292.7,13139.1,6677.0,4516.8,850.4,1243.6,66.2,3791.7,2985.1,105.5,701.2,2670.3,18134.7,1318.9,2300.8,1708.6,2638.5,384.8,338.3,852.9,108.5,1072.8,5513.7,53.8,81.9,901.8,859.5,2297.1,-4995.6,-2297.1,-2279.1,551.1,1804.0,2343.6,-539.6,-277.7,-296.2,18.4,4.8,-671.9,-2830.2,-307.9,-18.0,140.5,-46.2,-112.2,OKEI,386
2021,ноябрь,22440.0,8177.4,14262.7,7146.6,4763.7,934.6,1374.1,74.2,4242.4,3340.3,119.3,782.8,2873.7,19940.9,1431.6,2652.5,1906.5,2944.2,412.8,346.0,948.5,122.2,1199.7,5899.6,60.7,91.8,975.9,948.8,2499.1,-5678.3,-2499.1,-2464.2,1099.1,1817.8,2402.1,-584.3,-242.4,-304.9,62.5,4.8,-167.8,-3563.4,-313.2,-34.9,141.2,-47.1,-128.9,OKEI,386
2021,декабрь,25286.4,9056.5,16229.9,8135.1,5479.3,1012.8,1552.4,90.7,4724.5,3733.0,132.6,858.9,3370.2,24762.1,1759.5,3573.6,2335.9,4356.6,593.7,405.1,1064.4,146.7,1473.9,6675.8,70.9,114.0,1084.2,1107.7,524.3,-8532.2,-524.3,-484.8,1302.9,1538.1,2519.4,-981.3,-265.9,-338.8,69.7,5.3,-215.3,-1787.8,240.8,-39.4,215.9,-50.6,-204.7,OKEI,386
2022,январь,2088.8,794.5,1294.3,838.1,682.9,81.7,65.3,8.2,360.5,289.1,8.8,62.6,95.6,1832.7,,,,,,,,,,,,,,,256.1,-538.4,-256.1,-260.8,1237.1,-2.6,27.3,-30.0,-4.3,-4.3,0.0,1.6,440.8,-1498.0,801.7,4.7,,,4.7,OKEI,386
2022,февраль,4205.5,1766.2,2439.3,1255.2,906.4,184.1,149.4,15.4,792.3,632.3,19.0,141.0,391.8,3668.2,,,,,,,,,,,,,,,537.3,-1228.9,-537.3,-540.1,2841.4,83.8,116.4,-32.6,-11.8,-11.9,0.1,2.8,1682.3,-3381.5,1084.4,2.8,2.7,-0.2,0.2,OKEI,386
2022,март,7163.1,2974.3,4188.8,2453.9,1718.4,274.3,435.0,26.2,1221.3,974.9,26.4,220.0,513.6,5859.6,,,,,,,,,,,,,,,1303.5,-1670.8,-1303.5,-1033.2,2707.4,76.3,116.4,-40.2,-26.5,-26.5,0.0,3.1,1623.1,-3740.6,1031.4,-270.2,2.7,-192.5,-80.4,OKEI,386
2022,апрель,10033.8,4786.7,5247.1,3033.2,1910.3,390.8,695.3,36.8,1485.5,1187.4,30.9,267.1,728.5,8869.4,,,,,,,,,,,,,,,1164.4,-3622.3,-1164.4,-884.5,222.0,72.7,116.4,-43.8,-39.0,-41.8,2.8,3.2,-1146.0,-1106.5,1331.2,-279.9,2.7,-187.7,-95.0,OKEI,386
2022,май,12042.7,5658.1,6384.7,3738.7,2385.6,497.7,810.1,45.2,1705.2,1371.8,36.1,297.3,940.8,10453.7,,,,,,,,,,,,,,,1589.1,-4069.0,-1589.1,-1292.8,-1621.9,71.9,116.4,-44.6,-49.9,-52.7,2.8,4.3,-2614.7,329.1,966.5,-296.3,2.8,-190.6,-108.5,OKEI,386
2022,июнь,14017.1,6375.9,7641.2,4712.1,3171.5,580.5,905.9,54.2,1926.9,1558.3,42.5,326.2,1002.2,12534.8,,,,,,,,,,,,,,,1482.3,-4893.6,-1482.3,-1151.6,-3994.0,71.3,116.4,-45.1,-283.4,-287.8,4.5,5.8,-4429.3,2842.4,641.5,-330.7,2.8,-189.2,-144.3,OKEI,386
2022,июль,15774.4,7150.3,8624.1,5215.4,3459.4,642.4,1036.1,77.4,2158.0,1751.1,49.1,357.8,1250.7,15216.9,,,,,,,,,,,,,,,557.5,-6592.9,-557.5,-203.3,-3128.8,-386.2,116.4,-502.6,-427.8,-433.2,5.4,7.1,-3081.8,2925.5,759.9,-354.2,2.8,-189.2,-167.8,OKEI,386
2022,август,17606.6,7818.4,9788.2,5856.5,3877.2,729.9,1162.6,86.8,2439.7,1983.7,58.3,397.7,1491.9,17314.7,,,,,,,,,,,,,,,291.9,-7526.5,-291.9,70.0,-3630.2,-391.1,116.4,-507.6,-432.9,-455.0,22.1,7.2,-3400.4,3700.1,587.0,-361.8,2.8,-189.3,-175.3,OKEI,386
2022,сентябрь,19739.2,8506.6,11232.6,6887.5,4681.6,856.6,1252.7,96.5,2729.1,2221.0,67.5,440.6,1616.1,19536.6,,,,,,,,,,,,,,,202.7,-8303.9,-202.7,196.2,-4652.5,-382.5,125.3,-507.8,-472.9,-495.1,22.1,7.5,-4171.0,4848.7,366.3,-398.9,2.8,-204.5,-197.1,OKEI,386
2022,октябрь,22139.5,9788.3,12351.2,7622.6,5171.0,964.9,1375.7,111.1,3028.2,2462.5,77.6,488.1,1700.5,21784.8,,,,,,,,,,,,,,,354.7,-9433.6,-354.7,51.2,-3724.8,-167.8,340.2,-508.0,-540.4,-562.5,22.1,7.7,-3544.4,3776.0,520.1,-405.9,2.8,-205.1,-203.6,OKEI,386
2022,ноябрь,24779.8,10654.7,14125.1,8336.3,5600.3,1060.0,1551.1,125.0,3365.6,2732.3,90.1,543.2,2423.2,24037.1,,,,,,,,,,,,,,,742.8,-9911.9,-742.8,-319.8,-2768.8,748.4,1469.0,-720.6,-580.2,-604.6,24.5,7.8,-3322.7,2449.0,377.9,-423.0,2.8,-209.4,-216.4,OKEI,386
2022,декабрь,27824.4,11586.2,16238.2,9455.1,6489.4,1147.2,1669.5,149.0,3777.6,3063.4,103.8,610.4,3005.4,31119.0,,,,,,,,,,,,,,,-3294.6,-14880.9,3294.6,3821.7,-692.1,2056.7,3121.4,-1064.7,-610.8,-636.4,25.5,7.8,-1938.6,4513.8,-207.2,-526.7,2.8,-217.8,-311.7,OKEI,386
2023,январь,1357.0,425.5,931.5,443.0,379.5,133.7,-71.9,1.8,352.2,282.3,10.7,59.3,136.2,3006.3,,,,,,,,,,,,,,,-1649.3,-2074.8,1649.3,1655.8,3094.1,-8.1,173.3,-181.4,0.0,0.0,0.0,0.2,239.5,-1438.2,2862.5,-5.7,0.0,0.0,-5.7,OKEI,386
2023,февраль,3164.2,946.8,2217.5,1290.1,1059.7,197.5,22.5,10.4,703.1,561.9,20.6,120.6,224.3,5543.1,,,,,,,,,,,,,,,-2378.9,-3325.7,2378.9,4065.9,4203.2,267.6,449.2,-181.6,0.0,0.0,0.0,0.2,486.4,-137.4,3449.1,-24.5,0.0,0.0,-24.5,OKEI,386
2023,март,5678.9,1634.9,4044.1,2420.4,1769.7,294.3,339.9,16.6,1158.7,923.4,33.9,201.4,465.0,7764.7,,,,,,,,,,,,,,,-2085.8,-3720.6,2085.8,2138.0,3580.3,443.7,625.6,-181.8,-29.1,-29.1,0.0,0.2,909.0,-1442.3,2256.4,-52.2,0.0,-13.7,-38.5,OKEI,386
2023,апрель,7785.1,2282.3,5502.8,3166.5,2186.7,391.4,560.7,27.7,1580.9,1252.1,44.8,284.0,755.3,10834.5,,,,,,,,,,,,,,,-3049.4,-5331.7,3049.4,3104.2,5291.6,655.6,837.6,-182.0,-62.7,-62.7,0.0,11.2,1222.4,-2187.4,3465.1,-54.8,0.0,-13.7,-41.1,OKEI,386
2023,май,9818.7,2853.0,6965.7,3941.3,2741.4,475.0,688.3,36.5,2063.1,1626.5,57.2,379.4,961.3,12848.3,,,,,,,,,,,,,,,-3029.5,-5882.6,3029.5,3089.6,4993.2,846.3,1067.3,-221.0,-87.2,-87.3,0.0,11.3,1098.4,-1903.6,3124.4,-60.1,0.0,-16.6,-43.5,OKEI,386
2023,июнь,12381.6,3381.6,9000.0,5016.8,3537.4,564.5,867.1,47.9,2541.2,1996.8,70.9,473.5,1441.9,14731.7,,,,,,,,,,,,,,,-2350.2,-5731.8,2350.2,2421.6,5362.4,1185.8,1406.8,-221.0,-89.3,-93.7,4.3,11.3,1513.0,-2940.8,2741.7,-71.5,0.0,-13.7,-57.7,OKEI,386
2023,июль,14525.5,4192.9,10332.5,5663.2,3906.6,656.8,1026.1,73.8,3028.4,2372.1,84.1,572.3,1640.9,17113.4,,,,,,,,,,,,,,,-2587.9,-6780.8,2587.9,2703.9,6707.5,1512.3,1746.7,-234.4,-130.3,-134.7,4.3,12.3,1934.7,-4003.5,3378.5,-116.0,0.0,-13.9,-102.2,OKEI,386
2023,август,16991.5,4835.6,12155.9,6458.8,4456.2,746.9,1170.4,85.3,3611.6,2823.7,99.8,688.1,2085.5,19119.7,,,,,,,,,,,,,,,-2128.2,-6963.8,2128.2,2275.3,5759.3,1372.7,1976.9,-604.2,-143.6,-148.0,4.3,12.4,2238.7,-3483.9,2279.1,-147.1,0.0,-13.9,-133.3,OKEI,386
2023,сентябрь,19734.5,5575.5,14159.0,7629.1,5309.0,837.4,1387.1,95.7,4124.1,3216.2,114.8,793.2,2405.8,21184.6,,,,,,,,,,,,,,,-1450.1,-7025.6,1450.1,1940.0,5587.6,1455.8,2060.1,-604.3,-168.8,-173.3,4.5,16.8,2250.8,-3647.6,2033.0,-489.9,0.0,-315.9,-174.0,OKEI,386
2023,октябрь,23107.4,7210.1,15897.2,8283.7,5712.2,892.6,1566.7,112.3,4657.8,3623.3,130.3,904.2,2955.7,24157.2,,,,,,,,,,,,,,,-1049.9,-8260.0,1049.9,1535.1,6287.6,1445.9,2200.7,-754.8,-205.1,-209.6,4.5,18.9,2065.8,-4752.5,2962.1,-485.3,0.0,-315.9,-169.4,OKEI,386
2023,ноябрь,25964.0,8226.2,17737.8,9044.6,6209.5,967.8,1739.9,127.5,5179.4,4024.6,147.2,1007.7,3513.8,26711.7,,,, ,,,,,,,,,,,-747.7,-8973.9,747.7,1265.7,6315.7,1741.6,2496.6,-755.0,-167.4,-218.7,51.3,27.3,1895.0,-5050.0,2819.2,-518.0,0.0,-315.9,-202.0,OKEI,386
2023,декабрь,29124.0,8822.3,20301.8,10306.4,7182.4,1045.8,1918.6,159.5,5706.6,4432.0,164.2,1110.4,4288.8,32353.8,,,,,,,,,,,,,,,-3229.8,-12052.0,3229.8,3825.1,6592.5,1823.4,2578.5,-755.1,-198.1,-250.0,51.9,27.3,2066.7,-2767.4,2873.2,-595.3,0.0,-315.5,-279.8,OKEI,386
2024,январь,2397.3,675.2,1722.1,764.5,566.8,84.2,105.8,7.7,447.3,348.2,12.8,86.4,510.2,2521.3,,,,,,,,,,,,,,,-124.0,-799.2,124.0,133.2,673.7,114.3,143.8,-29.6,0.0,0.0,0.0,1.2,-114.0,-540.5,672.1,-9.2,0.0,0.0,-9.2,OKEI,386
2024,февраль,5027.8,1620.8,3407.0,1641.2,1151.0,205.5,266.7,18.0,923.2,717.0,26.9,179.3,842.5,6158.1,,,,,,,,,,,,,,,-1130.2,-2751.1,1130.2,1181.4,371.6,97.5,488.8,-391.3,0.0,0.0,0.0,1.6,38.0,809.7,234.5,-51.1,0.0,0.0,-51.1,OKEI,386
2024,март,8721.6,2928.4,5793.3,3185.1,2287.6,305.0,565.4,27.1,1384.3,1068.7,42.8,272.8,1223.9,9017.0,,,,,,,,,,,,,,,-295.3,-3223.7,295.3,384.6,782.4,342.7,734.1,-391.4,-1.5,-1.5,0.0,2.2,239.7,-397.9,199.2,-89.2,0.0,-16.6,-72.6,OKEI,386
2024,апрель,11689.3,4157.4,7531.9,4146.5,2952.0,409.8,742.4,42.2,1830.1,1410.0,59.8,360.3,1555.4,12829.5,,,,,,,,,,,,,,,-1140.2,-5297.6,1140.2,4055.8,2221.7,309.4,1006.5,-697.1,-24.0,-24.1,0.1,1.8,327.2,1834.1,1607.4,-93.1,0.0,-16.6,-76.5,OKEI,386
2024,май,14292.1,4951.0,9341.1,4866.4,3383.9,509.7,915.2,57.6,2374.4,1819.4,83.8,471.2,2100.3,15022.5,,,,,,,,,,,,,,,-730.4,-5681.4,730.4,850.9,877.2,397.7,1094.9,-697.1,-39.2,-39.3,0.1,4.2,217.3,-26.3,297.1,-120.5,0.0,-16.6,-103.9,OKEI,386
2024,июнь,17097.5,5697.6,11399.8,6131.2,4342.5,610.9,1105.4,72.5,2843.8,2178.9,104.1,560.8,2424.8,17699.9,,,,,,,,,,,,,,,-602.4,-6300.1,602.4,1217.5,806.9,474.8,1171.9,-697.2,-50.5,-52.9,2.4,11.2,-130.2,410.6,501.6,-152.3,0.0,-16.5,-135.8,OKEI,386
2024,июль,19753.1,6776.9,12976.2,6835.4,4758.2,702.7,1271.7,102.9,3363.8,2576.3,125.9,661.6,2777.0,20851.4,,,,,,,,,,,,,,,-1098.3,-7875.2,1098.3,1252.3,850.6,229.8,1321.4,-1091.7,-77.3,-79.9,2.6,11.9,18.5,401.7,667.7,-153.9,0.0,-16.5,-137.5,OKEI,386
2024,август,23036.2,7555.4,15480.8,7883.0,5503.1,809.2,1453.1,117.6,3864.7,2959.3,147.1,758.3,3733.1,23063.9,,,,,,,,,,,,,,,-27.6,-7583.1,27.6,192.7,590.9,470.7,1568.5,-1097.7,-89.9,-92.6,2.6,46.7,339.3,-398.2,-175.9,-165.0,0.0,-16.5,-148.5,OKEI,386
2024,сентябрь,26284.7,8327.3,17957.4,9285.4,6530.9,928.8,1680.1,145.6,4409.0,3371.8,169.1,868.0,4263.0,25706.3,,,,,,,,,,,,,,,578.5,-7748.9,-578.5,915.3,450.8,693.4,1791.2,-1097.8,-99.1,-101.8,2.6,49.7,859.5,464.6,-1052.7,-181.4,0.0,-33.2,-148.2,OKEI,386
2024,октябрь,29678.8,9539.2,20139.6,10079.7,6977.4,1040.1,1875.6,186.6,5043.0,3852.6,192.7,997.7,5017.0,29554.6,,,,,,,,,,,,,,,124.2,-9415.0,-124.2,70.2,2198.2,438.8,1878.9,-1440.1,-121.8,-124.4,2.6,89.1,1209.6,-2128.0,582.5,-194.4,0.0,-33.2,-161.2,OKEI,386
2024,ноябрь,32677.4,10340.8,22336.6,11179.3,7679.9,1148.2,2073.3,277.9,5603.8,4286.8,212.0,1105.1,5553.4,32639.6,,,,,,,,,,,,,,,37.8,-10303.0,-37.8,174.7,2343.5,549.8,1986.1,-1436.4,-111.1,-146.0,35.0,89.1,1714.3,-2168.8,101.4,-212.6,0.0,-33.2,-179.4,OKEI,386
2024,декабрь,36708.6,11131.1,25577.5,12618.9,8733.6,1260.8,2285.7,338.7,6256.2,4789.0,236.4,1230.8,6702.5,40180.5,,,,,,,,,,,,,,,-3471.9,-14603.0,3471.9,3869.7,3448.9,2513.2,3949.6,-1436.4,-139.7,-175.0,35.3,16.4,1195.7,420.8,-136.7,-397.7,0.0,-33.3,-364.4,OKEI,386
2025,январь,2672.4,789.1,1883.3,750.1,483.0,117.4,139.8,10.0,538.8,421.6,13.0,104.3,594.3,4138.6,,,,,,,,,,,,,,,-1466.3,-2255.3,1466.3,1467.9,1094.1,-342.0,76.7,-418.7,0.0,0.0,0.0,0.1,20.2,373.8,1415.9,-1.6,0.0,0.0,-1.6,OKEI,386
2025,февраль,5347.2,1560.3,3786.9,1922.9,1266.5,234.5,398.4,23.6,968.6,752.9,26.3,189.4,895.4,7763.6,,,,,,,,,,,,,,,-2416.3,-3976.7,2416.3,2434.9,-2013.8,158.7,579.0,-420.3,0.1,0.0,0.1,0.1,-441.2,4448.8,-1731.5,-18.6,0.0,0.0,-18.6,OKEI,386
2025,март,9055.1,2641.6,6413.4,3767.4,2587.1,369.6,772.8,37.9,1391.6,1082.9,38.6,270.1,1254.5,11015.0,,,,,,,,,,,,,,,-1960.0,-4601.6,1960.0,1989.4,684.5,602.8,1053.4,-450.6,0.0,0.0,0.0,0.2,-551.5,1304.9,633.1,-29.4,0.0,-4.0,-25.4,OKEI,386
2025,апрель,12279.5,3727.2,8552.2,4885.9,3000.9,505.7,1314.2,65.2,1822.6,1417.7,51.8,353.2,1843.7,15210.3,,,,,,,,,,,,,,,-2930.8,-6658.0,2930.8,2957.7,1337.9,804.2,1254.8,-450.6,0.0,0.0,0.0,0.2,-506.7,1619.8,1040.2,-26.9,0.0,-4.0,-22.9,OKEI,386
2025,май,14740.3,4239.9,10500.4,6086.2,3762.5,641.4,1594.6,87.7,2239.5,1738.5,65.9,435.0,2174.7,17769.5,,,,,,,,,,,,,,,-3029.2,-7269.1,3029.2,3077.2,1152.8,1200.2,1650.8,-450.6,0.0,0.0,0.0,0.2,-645.4,1924.4,597.8,-48.0,0.0,-4.0,-44.0,OKEI,386
2025,июнь,17594.3,4734.7,12859.6,7748.8,4958.0,775.5,1900.4,114.9,2633.1,2041.4,79.4,512.4,2477.6,20980.9,,,,,,,,,,,,,,,-3386.6,-8121.3,3386.6,3435.8,-169.4,1756.6,2207.2,-450.6,0.0,0.0,0.0,0.2,-630.7,3605.2,-1295.4,-49.3,0.0,-4.0,-45.3,OKEI,386
2025,июль,20327.6,5522.0,14805.5,8798.7,5460.6,908.7,2259.0,170.4,3068.3,2376.9,94.2,597.2,2938.5,24949.2,,,,,,,,,,,,,,,-4621.6,-10143.6,4621.6,4693.7,2621.5,1972.1,2899.3,-927.2,0.0,0.0,0.0,1.6,-461.8,2072.2,1109.6,-72.2,0.0,-4.0,-68.2,OKEI,386
2025,август,23739.5,6027.0,17712.5,10104.8,6280.3,1049.6,2567.6,207.2,3478.9,2691.6,110.0,677.3,4128.8,27659.8,,,,,,,,,,,,,,,-3920.3,-9947.4,3920.3,4029.6,2577.6,2255.3,3182.5,-927.2,0.0,0.0,0.0,2.9,-471.2,1452.1,790.6,-109.3,0.0,-4.0,-105.3,OKEI,386
2025,сентябрь,26953.5,6609.5,20344.0,11945.9,7536.2,1200.6,2939.9,269.3,3923.3,3032.6,128.0,762.8,4474.8,30424.1,,,,,,,,,,,,,,,-3470.6,-10080.1,3470.6,3600.7,2514.4,2588.6,3554.5,-965.9,0.0,0.0,0.0,4.2,-163.7,1086.3,85.3,-130.1,0.0,-7.9,-122.2,OKEI,386
2025,октябрь,29939.5,7498.1,22441.4,13133.9,8133.3,1331.8,3299.5,369.3,4369.7,3370.7,148.6,850.4,4937.8,33881.8,,,,,,,,,,,,,,,-3942.3,-11440.4,3942.3,4074.3,3306.9,3361.5,4327.4,-965.9,0.5,0.0,0.5,4.2,-169.6,767.4,110.4,-132.0,0.0,-7.9,-124.1,OKEI,386
2025,ноябрь,32945.7,8029.0,24916.7,14683.8,8988.4,1462.4,3622.7,610.3,4803.7,3701.8,166.5,935.4,5429.1,36955.8,,,,,,,,,,,,,,,-4010.1,-12039.1,4010.1,4179.4,4448.2,4908.4,6323.1,-1414.7,132.2,0.0,132.2,4.4,-216.2,-268.7,-380.7,-169.3,0.0,-7.9,-161.4,OKEI,386
2025,декабрь,37283.8,8476.8,28806.9,16719.8,10420.7,1599.4,3936.6,763.1,5393.0,4150.0,196.0,1047.0,6694.1,42910.3,,,,,,,,,,,,,,,-5626.5,-14103.4,5626.5,5815.6,4825.9,5391.6,6806.3,-1414.7,132.7,0.0,132.7,4.4,-101.4,989.7,-601.4,-189.1,214.7,-165.7,-238.0,OKEI,386
2026,январь,2364.3,393.3,1971.0,1201.0,854.2,134.7,197.0,15.1,349.1,275.7,12.9,60.5,420.9,3993.3,,,,,,,,,,,,,,,-1628.9,-2022.2,1628.9,1695.0,2339.2,141.1,141.1,0.0,0.0,0.0,0.0,0.0,301.5,-644.2,1896.6,-66.1,0.0,0.0,-66.1,OKEI,386
2026,февраль,4769.6,825.6,3944.0,2417.7,1636.5,263.6,480.1,37.5,762.0,600.0,27.6,134.4,764.3,8094.0,,,,,,,,,,,,,,,-3324.4,-4150.0,3324.4,3408.1,606.1,815.2,815.2,0.0,0.0,0.0,0.0,0.0,320.7,2802.0,-529.8,-83.7,0.0,0.0,-83.7,OKEI,386
2026,март,8315.0,1442.6,6872.4,4513.8,3076.3,384.4,1000.8,52.4,1237.3,971.9,44.8,220.7,1121.3,12824.6,,,,,,,,,,,,,,,-4509.6,-5952.1,4509.6,4661.7,2698.3,872.9,1313.3,-440.4,0.1,0.0,0.1,0.0,256.6,1963.4,1568.7,-152.1,0.0,-3.9,-148.2,OKEI,386
2026,апрель,11727.0,2298.2,9428.8,5927.0,3959.2,510.1,1371.3,86.3,1726.8,1353.4,65.4,308.0,1774.9,17523.1,,,,,,,,,,,,,,,-5796.2,-8094.3,5796.2,5921.9,3680.7,1695.7,2136.2,-440.4,0.2,0.0,0.2,0.0,-14.1,2241.2,1998.9,-125.7,0.0,-3.9,-121.8,OKEI,386
2026,май,14787.4,2977.1,11810.3,7475.1,4999.7,640.6,1719.1,115.6,2173.6,1704.0,82.9,386.6,2161.7,20714.3,,,,,,,,,,,,,,,-5926.9,-8904.0,5926.9,6284.2,3349.1,2108.4,2548.8,-440.4,0.6,0.0,0.6,0.0,-241.8,2935.1,1481.8,-357.2,0.0,-218.9,-138.3,OKEI,386
2026,июнь,18621.8,3660.7,14961.1,9471.1,6490.0,766.3,2072.0,142.7,2672.0,2094.0,102.5,475.5,2818.0,24353.0,,,,,,,,,,,,,,,-5731.2,-9391.9,5731.2,5984.4,,,,,,,,,,,,-253.2,,,,OKEI,386