minute,users,visits
2026-07-03 00:00,0,0
2026-07-03 00:01,0,0
2026-07-03 00:02,1,1
2026-07-03 00:03,1,1
2026-07-03 00:04,0,0
2026-07-03 00:05,0,0
2026-07-03 00:06,0,0
2026-07-03 00:07,0,0
2026-07-03 00:08,0,0
2026-07-03 00:09,0,0
2026-07-03 00:10,1,1
2026-07-03 00:11,0,0
2026-07-03 00:12,0,0
2026-07-03 00:13,0,0
2026-07-03 00:14,1,1
2026-07-03 00:15,0,0
2026-07-03 00:16,0,0
2026-07-03 00:17,0,0
2026-07-03 00:18,0,0
2026-07-03 00:19,0,0
2026-07-03 00:20,1,1
2026-07-03 00:21,1,1
2026-07-03 00:22,0,0
2026-07-03 00:23,0,0
2026-07-03 00:24,0,0
2026-07-03 00:25,0,0
2026-07-03 00:26,0,0
2026-07-03 00:27,0,0
2026-07-03 00:28,0,0
2026-07-03 00:29,0,0
2026-07-03 00:30,0,0
2026-07-03 00:31,0,0
2026-07-03 00:32,0,0
2026-07-03 00:33,0,0
2026-07-03 00:34,0,0
2026-07-03 00:35,1,1
2026-07-03 00:36,0,0
2026-07-03 00:37,0,0
2026-07-03 00:38,0,0
2026-07-03 00:39,0,0
2026-07-03 00:40,0,0
2026-07-03 00:41,0,0
2026-07-03 00:42,0,0
2026-07-03 00:43,0,0
2026-07-03 00:44,0,0
2026-07-03 00:45,0,0
2026-07-03 00:46,0,0
2026-07-03 00:47,0,0
2026-07-03 00:48,0,0
2026-07-03 00:49,0,0
2026-07-03 00:50,0,0
2026-07-03 00:51,0,0
2026-07-03 00:52,0,0
2026-07-03 00:53,0,0
2026-07-03 00:54,0,0
2026-07-03 00:55,0,0
2026-07-03 00:56,0,0
2026-07-03 00:57,0,0
2026-07-03 00:58,0,0
2026-07-03 00:59,0,0
2026-07-03 01:00,0,0
2026-07-03 01:01,1,1
2026-07-03 01:02,0,0
2026-07-03 01:03,0,0
2026-07-03 01:04,0,0
2026-07-03 01:05,0,0
2026-07-03 01:06,0,0
2026-07-03 01:07,0,0
2026-07-03 01:08,0,0
2026-07-03 01:09,0,0
2026-07-03 01:10,0,0
2026-07-03 01:11,0,0
2026-07-03 01:12,0,0
2026-07-03 01:13,0,0
2026-07-03 01:14,0,0
2026-07-03 01:15,0,0
2026-07-03 01:16,0,0
2026-07-03 01:17,1,1
2026-07-03 01:18,0,0
2026-07-03 01:19,0,0
2026-07-03 01:20,0,0
2026-07-03 01:21,0,0
2026-07-03 01:22,0,0
2026-07-03 01:23,0,0
2026-07-03 01:24,0,0
2026-07-03 01:25,0,0
2026-07-03 01:26,0,0
2026-07-03 01:27,0,0
2026-07-03 01:28,0,0
2026-07-03 01:29,0,0
2026-07-03 01:30,0,0
2026-07-03 01:31,0,0
2026-07-03 01:32,0,0
2026-07-03 01:33,0,0
2026-07-03 01:34,0,0
2026-07-03 01:35,0,0
2026-07-03 01:36,0,0
2026-07-03 01:37,0,0
2026-07-03 01:38,0,0
2026-07-03 01:39,0,0
2026-07-03 01:40,0,0
2026-07-03 01:41,1,1
2026-07-03 01:42,0,0
2026-07-03 01:43,1,1
2026-07-03 01:44,0,0
2026-07-03 01:45,0,0
2026-07-03 01:46,0,0
2026-07-03 01:47,0,0
2026-07-03 01:48,0,0
2026-07-03 01:49,0,0
2026-07-03 01:50,0,0
2026-07-03 01:51,0,0
2026-07-03 01:52,0,0
2026-07-03 01:53,0,0
2026-07-03 01:54,0,0
2026-07-03 01:55,1,1
2026-07-03 01:56,0,0
2026-07-03 01:57,0,0
2026-07-03 01:58,0,0
2026-07-03 01:59,0,0
2026-07-03 02:00,0,0
2026-07-03 02:01,0,0
2026-07-03 02:02,1,1
2026-07-03 02:03,0,0
2026-07-03 02:04,0,0
2026-07-03 02:05,0,0
2026-07-03 02:06,0,0
2026-07-03 02:07,0,0
2026-07-03 02:08,0,0
2026-07-03 02:09,0,0
2026-07-03 02:10,0,0
2026-07-03 02:11,0,0
2026-07-03 02:12,0,0
2026-07-03 02:13,0,0
2026-07-03 02:14,0,0
2026-07-03 02:15,0,0
2026-07-03 02:16,0,0
2026-07-03 02:17,0,0
2026-07-03 02:18,0,0
2026-07-03 02:19,0,0
2026-07-03 02:20,0,0
2026-07-03 02:21,0,0
2026-07-03 02:22,0,0
2026-07-03 02:23,0,0
2026-07-03 02:24,0,0
2026-07-03 02:25,0,0
2026-07-03 02:26,0,0
2026-07-03 02:27,0,0
2026-07-03 02:28,1,1
2026-07-03 02:29,0,0
2026-07-03 02:30,0,0
2026-07-03 02:31,0,0
2026-07-03 02:32,0,0
2026-07-03 02:33,0,0
2026-07-03 02:34,0,0
2026-07-03 02:35,1,1
2026-07-03 02:36,0,0
2026-07-03 02:37,1,1
2026-07-03 02:38,0,0
2026-07-03 02:39,0,0
2026-07-03 02:40,0,0
2026-07-03 02:41,0,0
2026-07-03 02:42,0,0
2026-07-03 02:43,0,0
2026-07-03 02:44,0,0
2026-07-03 02:45,0,0
2026-07-03 02:46,0,0
2026-07-03 02:47,0,0
2026-07-03 02:48,1,1
2026-07-03 02:49,0,0
2026-07-03 02:50,0,0
2026-07-03 02:51,0,0
2026-07-03 02:52,0,0
2026-07-03 02:53,0,0
2026-07-03 02:54,0,0
2026-07-03 02:55,0,0
2026-07-03 02:56,0,0
2026-07-03 02:57,0,0
2026-07-03 02:58,0,0
2026-07-03 02:59,0,0
2026-07-03 03:00,0,0
2026-07-03 03:01,0,0
2026-07-03 03:02,0,0
2026-07-03 03:03,0,0
2026-07-03 03:04,0,0
2026-07-03 03:05,1,1
2026-07-03 03:06,1,1
2026-07-03 03:07,0,0
2026-07-03 03:08,1,1
2026-07-03 03:09,0,0
2026-07-03 03:10,1,1
2026-07-03 03:11,0,0
2026-07-03 03:12,0,0
2026-07-03 03:13,0,0
2026-07-03 03:14,0,0
2026-07-03 03:15,0,0
2026-07-03 03:16,0,0
2026-07-03 03:17,0,0
2026-07-03 03:18,0,0
2026-07-03 03:19,0,0
2026-07-03 03:20,1,1
2026-07-03 03:21,0,0
2026-07-03 03:22,0,0
2026-07-03 03:23,0,0
2026-07-03 03:24,0,0
2026-07-03 03:25,0,0
2026-07-03 03:26,0,0
2026-07-03 03:27,0,0
2026-07-03 03:28,0,0
2026-07-03 03:29,1,1
2026-07-03 03:30,0,0
2026-07-03 03:31,0,0
2026-07-03 03:32,0,0
2026-07-03 03:33,0,0
2026-07-03 03:34,0,0
2026-07-03 03:35,0,0
2026-07-03 03:36,0,0
2026-07-03 03:37,0,0
2026-07-03 03:38,0,0
2026-07-03 03:39,0,0
2026-07-03 03:40,0,0
2026-07-03 03:41,0,0
2026-07-03 03:42,0,0
2026-07-03 03:43,0,0
2026-07-03 03:44,0,0
2026-07-03 03:45,0,0
2026-07-03 03:46,0,0
2026-07-03 03:47,0,0
2026-07-03 03:48,0,0
2026-07-03 03:49,0,0
2026-07-03 03:50,0,0
2026-07-03 03:51,0,0
2026-07-03 03:52,0,0
2026-07-03 03:53,0,0
2026-07-03 03:54,0,0
2026-07-03 03:55,0,0
2026-07-03 03:56,0,0
2026-07-03 03:57,1,1
2026-07-03 03:58,0,0
2026-07-03 03:59,0,0
2026-07-03 04:00,0,0
2026-07-03 04:01,0,0
2026-07-03 04:02,1,1
2026-07-03 04:03,0,0
2026-07-03 04:04,0,0
2026-07-03 04:05,0,0
2026-07-03 04:06,0,0
2026-07-03 04:07,0,0
2026-07-03 04:08,0,0
2026-07-03 04:09,0,0
2026-07-03 04:10,0,0
2026-07-03 04:11,0,0
2026-07-03 04:12,0,0
2026-07-03 04:13,0,0
2026-07-03 04:14,0,0
2026-07-03 04:15,0,0
2026-07-03 04:16,0,0
2026-07-03 04:17,0,0
2026-07-03 04:18,0,0
2026-07-03 04:19,1,1
2026-07-03 04:20,0,0
2026-07-03 04:21,0,0
2026-07-03 04:22,0,0
2026-07-03 04:23,0,0
2026-07-03 04:24,0,0
2026-07-03 04:25,0,0
2026-07-03 04:26,1,1
2026-07-03 04:27,0,0
2026-07-03 04:28,1,1
2026-07-03 04:29,0,0
2026-07-03 04:30,0,0
2026-07-03 04:31,0,0
2026-07-03 04:32,0,0
2026-07-03 04:33,0,0
2026-07-03 04:34,0,0
2026-07-03 04:35,0,0
2026-07-03 04:36,1,1
2026-07-03 04:37,0,0
2026-07-03 04:38,0,0
2026-07-03 04:39,0,0
2026-07-03 04:40,0,0
2026-07-03 04:41,0,0
2026-07-03 04:42,0,0
2026-07-03 04:43,0,0
2026-07-03 04:44,0,0
2026-07-03 04:45,0,0
2026-07-03 04:46,1,1
2026-07-03 04:47,0,0
2026-07-03 04:48,0,0
2026-07-03 04:49,0,0
2026-07-03 04:50,0,0
2026-07-03 04:51,0,0
2026-07-03 04:52,0,0
2026-07-03 04:53,0,0
2026-07-03 04:54,0,0
2026-07-03 04:55,0,0
2026-07-03 04:56,0,0
2026-07-03 04:57,0,0
2026-07-03 04:58,0,0
2026-07-03 04:59,0,0
2026-07-03 05:00,0,0
2026-07-03 05:01,0,0
2026-07-03 05:02,0,0
2026-07-03 05:03,0,0
2026-07-03 05:04,0,0
2026-07-03 05:05,1,1
2026-07-03 05:06,1,1
2026-07-03 05:07,0,0
2026-07-03 05:08,0,0
2026-07-03 05:09,0,0
2026-07-03 05:10,0,0
2026-07-03 05:11,0,0
2026-07-03 05:12,0,0
2026-07-03 05:13,1,1
2026-07-03 05:14,0,0
2026-07-03 05:15,0,0
2026-07-03 05:16,0,0
2026-07-03 05:17,0,0
2026-07-03 05:18,0,0
2026-07-03 05:19,0,0
2026-07-03 05:20,0,0
2026-07-03 05:21,0,0
2026-07-03 05:22,0,0
2026-07-03 05:23,0,0
2026-07-03 05:24,0,0
2026-07-03 05:25,0,0
2026-07-03 05:26,0,0
2026-07-03 05:27,0,0
2026-07-03 05:28,0,0
2026-07-03 05:29,0,0
2026-07-03 05:30,0,0
2026-07-03 05:31,0,0
2026-07-03 05:32,0,0
2026-07-03 05:33,0,0
2026-07-03 05:34,0,0
2026-07-03 05:35,1,1
2026-07-03 05:36,0,0
2026-07-03 05:37,0,0
2026-07-03 05:38,0,0
2026-07-03 05:39,0,0
2026-07-03 05:40,0,0
2026-07-03 05:41,0,0
2026-07-03 05:42,0,0
2026-07-03 05:43,0,0
2026-07-03 05:44,0,0
2026-07-03 05:45,1,1
2026-07-03 05:46,0,0
2026-07-03 05:47,0,0
2026-07-03 05:48,0,0
2026-07-03 05:49,2,2
2026-07-03 05:50,1,1
2026-07-03 05:51,0,0
2026-07-03 05:52,0,0
2026-07-03 05:53,0,0
2026-07-03 05:54,0,0
2026-07-03 05:55,0,0
2026-07-03 05:56,0,0
2026-07-03 05:57,0,0
2026-07-03 05:58,0,0
2026-07-03 05:59,0,0
2026-07-03 06:00,0,0
2026-07-03 06:01,0,0
2026-07-03 06:02,0,0
2026-07-03 06:03,0,0
2026-07-03 06:04,1,1
2026-07-03 06:05,0,0
2026-07-03 06:06,0,0
2026-07-03 06:07,0,0
2026-07-03 06:08,0,0
2026-07-03 06:09,0,0
2026-07-03 06:10,0,0
2026-07-03 06:11,1,1
2026-07-03 06:12,0,0
2026-07-03 06:13,0,0
2026-07-03 06:14,1,1
2026-07-03 06:15,0,0
2026-07-03 06:16,0,0
2026-07-03 06:17,0,0
2026-07-03 06:18,0,0
2026-07-03 06:19,0,0
2026-07-03 06:20,0,0
2026-07-03 06:21,0,0
2026-07-03 06:22,0,0
2026-07-03 06:23,0,0
2026-07-03 06:24,0,0
2026-07-03 06:25,1,1
2026-07-03 06:26,0,0
2026-07-03 06:27,0,0
2026-07-03 06:28,0,0
2026-07-03 06:29,0,0
2026-07-03 06:30,0,0
2026-07-03 06:31,0,0
2026-07-03 06:32,0,0
2026-07-03 06:33,0,0
2026-07-03 06:34,0,0
2026-07-03 06:35,0,0
2026-07-03 06:36,0,0
2026-07-03 06:37,0,0
2026-07-03 06:38,0,0
2026-07-03 06:39,0,0
2026-07-03 06:40,0,0
2026-07-03 06:41,0,0
2026-07-03 06:42,0,0
2026-07-03 06:43,0,0
2026-07-03 06:44,0,0
2026-07-03 06:45,0,0
2026-07-03 06:46,0,0
2026-07-03 06:47,0,0
2026-07-03 06:48,0,0
2026-07-03 06:49,0,0
2026-07-03 06:50,0,0
2026-07-03 06:51,0,0
2026-07-03 06:52,0,0
2026-07-03 06:53,0,0
2026-07-03 06:54,0,0
2026-07-03 06:55,0,0
2026-07-03 06:56,0,0
2026-07-03 06:57,0,0
2026-07-03 06:58,1,1
2026-07-03 06:59,1,1
2026-07-03 07:00,0,0
2026-07-03 07:01,2,2
2026-07-03 07:02,0,0
2026-07-03 07:03,0,0
2026-07-03 07:04,1,1
2026-07-03 07:05,0,0
2026-07-03 07:06,0,0
2026-07-03 07:07,1,1
2026-07-03 07:08,0,0
2026-07-03 07:09,0,0
2026-07-03 07:10,0,0
2026-07-03 07:11,0,0
2026-07-03 07:12,0,0
2026-07-03 07:13,1,1
2026-07-03 07:14,0,0
2026-07-03 07:15,0,0
2026-07-03 07:16,0,0
2026-07-03 07:17,0,0
2026-07-03 07:18,0,0
2026-07-03 07:19,1,1
2026-07-03 07:20,0,0
2026-07-03 07:21,0,0
2026-07-03 07:22,2,2
2026-07-03 07:23,0,0
2026-07-03 07:24,0,0
2026-07-03 07:25,0,0
2026-07-03 07:26,0,0
2026-07-03 07:27,1,1
2026-07-03 07:28,0,0
2026-07-03 07:29,1,1
2026-07-03 07:30,1,1
2026-07-03 07:31,0,0
2026-07-03 07:32,0,0
2026-07-03 07:33,0,0
2026-07-03 07:34,0,0
2026-07-03 07:35,0,0
2026-07-03 07:36,0,0
2026-07-03 07:37,0,0
2026-07-03 07:38,0,0
2026-07-03 07:39,0,0
2026-07-03 07:40,0,0
2026-07-03 07:41,0,0
2026-07-03 07:42,0,0
2026-07-03 07:43,0,0
2026-07-03 07:44,0,0
2026-07-03 07:45,0,0
2026-07-03 07:46,0,0
2026-07-03 07:47,0,0
2026-07-03 07:48,0,0
2026-07-03 07:49,0,0
2026-07-03 07:50,1,1
2026-07-03 07:51,0,0
2026-07-03 07:52,0,0
2026-07-03 07:53,0,0
2026-07-03 07:54,2,2
2026-07-03 07:55,0,0
2026-07-03 07:56,0,0
2026-07-03 07:57,0,0
2026-07-03 07:58,0,0
2026-07-03 07:59,0,0
2026-07-03 08:00,0,0
2026-07-03 08:01,0,0
2026-07-03 08:02,0,0
2026-07-03 08:03,0,0
2026-07-03 08:04,0,0
2026-07-03 08:05,0,0
2026-07-03 08:06,0,0
2026-07-03 08:07,1,1
2026-07-03 08:08,0,0
2026-07-03 08:09,0,0
2026-07-03 08:10,0,0
2026-07-03 08:11,1,1
2026-07-03 08:12,0,0
2026-07-03 08:13,1,1
2026-07-03 08:14,0,0
2026-07-03 08:15,0,0
2026-07-03 08:16,0,0
2026-07-03 08:17,0,0
2026-07-03 08:18,1,1
2026-07-03 08:19,1,1
2026-07-03 08:20,0,0
2026-07-03 08:21,0,0
2026-07-03 08:22,0,0
2026-07-03 08:23,0,0
2026-07-03 08:24,2,2
2026-07-03 08:25,0,0
2026-07-03 08:26,0,0
2026-07-03 08:27,0,0
2026-07-03 08:28,0,0
2026-07-03 08:29,0,0
2026-07-03 08:30,0,0
2026-07-03 08:31,0,0
2026-07-03 08:32,0,0
2026-07-03 08:33,0,0
2026-07-03 08:34,1,1
2026-07-03 08:35,1,1
2026-07-03 08:36,0,0
2026-07-03 08:37,0,0
2026-07-03 08:38,0,0
2026-07-03 08:39,0,0
2026-07-03 08:40,0,0
2026-07-03 08:41,0,0
2026-07-03 08:42,0,0
2026-07-03 08:43,0,0
2026-07-03 08:44,0,0
2026-07-03 08:45,0,0
2026-07-03 08:46,0,0
2026-07-03 08:47,0,0
2026-07-03 08:48,0,0
2026-07-03 08:49,0,0
2026-07-03 08:50,0,0
2026-07-03 08:51,0,0
2026-07-03 08:52,0,0
2026-07-03 08:53,1,1
2026-07-03 08:54,2,2
2026-07-03 08:55,1,1
2026-07-03 08:56,0,0
2026-07-03 08:57,0,0
2026-07-03 08:58,0,0
2026-07-03 08:59,0,0
2026-07-03 09:00,0,0
2026-07-03 09:01,0,0
2026-07-03 09:02,0,0
2026-07-03 09:03,0,0
2026-07-03 09:04,0,0
2026-07-03 09:05,0,0
2026-07-03 09:06,0,0
2026-07-03 09:07,1,1
2026-07-03 09:08,0,0
2026-07-03 09:09,0,0
2026-07-03 09:10,0,0
2026-07-03 09:11,0,0
2026-07-03 09:12,0,0
2026-07-03 09:13,0,0
2026-07-03 09:14,1,1
2026-07-03 09:15,1,1
2026-07-03 09:16,1,1
2026-07-03 09:17,0,0
2026-07-03 09:18,1,1
2026-07-03 09:19,0,0
2026-07-03 09:20,0,0
2026-07-03 09:21,0,0
2026-07-03 09:22,0,0
2026-07-03 09:23,0,0
2026-07-03 09:24,0,0
2026-07-03 09:25,0,0
2026-07-03 09:26,1,1
2026-07-03 09:27,0,0
2026-07-03 09:28,0,0
2026-07-03 09:29,0,0
2026-07-03 09:30,0,0
2026-07-03 09:31,0,0
2026-07-03 09:32,0,0
2026-07-03 09:33,0,0
2026-07-03 09:34,0,0
2026-07-03 09:35,0,0
2026-07-03 09:36,0,0
2026-07-03 09:37,1,1
2026-07-03 09:38,0,0
2026-07-03 09:39,1,1
2026-07-03 09:40,0,0
2026-07-03 09:41,0,0
2026-07-03 09:42,0,0
2026-07-03 09:43,0,0
2026-07-03 09:44,1,1
2026-07-03 09:45,0,0
2026-07-03 09:46,0,0
2026-07-03 09:47,0,0
2026-07-03 09:48,0,0
2026-07-03 09:49,0,0
2026-07-03 09:50,0,0
2026-07-03 09:51,0,0
2026-07-03 09:52,0,0
2026-07-03 09:53,1,1
2026-07-03 09:54,0,0
2026-07-03 09:55,0,0
2026-07-03 09:56,0,0
2026-07-03 09:57,1,1
2026-07-03 09:58,0,0
2026-07-03 09:59,1,1
2026-07-03 10:00,0,0
2026-07-03 10:01,1,1
2026-07-03 10:02,0,0
2026-07-03 10:03,0,0
2026-07-03 10:04,0,0
2026-07-03 10:05,1,1
2026-07-03 10:06,0,0
2026-07-03 10:07,0,0
2026-07-03 10:08,0,0
2026-07-03 10:09,0,0
2026-07-03 10:10,0,0
2026-07-03 10:11,0,0
2026-07-03 10:12,0,0
2026-07-03 10:13,0,0
2026-07-03 10:14,0,0
2026-07-03 10:15,0,0
2026-07-03 10:16,1,1
2026-07-03 10:17,0,0
2026-07-03 10:18,0,0
2026-07-03 10:19,0,0
2026-07-03 10:20,0,0
2026-07-03 10:21,0,0
2026-07-03 10:22,0,0
2026-07-03 10:23,0,0
2026-07-03 10:24,0,0
2026-07-03 10:25,0,0
2026-07-03 10:26,0,0
2026-07-03 10:27,0,0
2026-07-03 10:28,1,1
2026-07-03 10:29,0,0
2026-07-03 10:30,0,0
2026-07-03 10:31,0,0
2026-07-03 10:32,0,0
2026-07-03 10:33,0,0
2026-07-03 10:34,0,0
2026-07-03 10:35,1,1
2026-07-03 10:36,0,0
2026-07-03 10:37,0,0
2026-07-03 10:38,0,0
2026-07-03 10:39,1,1
2026-07-03 10:40,0,0
2026-07-03 10:41,0,0
2026-07-03 10:42,1,1
2026-07-03 10:43,0,0
2026-07-03 10:44,1,1
2026-07-03 10:45,0,0
2026-07-03 10:46,0,0
2026-07-03 10:47,0,0
2026-07-03 10:48,0,0
2026-07-03 10:49,0,0
2026-07-03 10:50,0,0
2026-07-03 10:51,0,0
2026-07-03 10:52,0,0
2026-07-03 10:53,0,0
2026-07-03 10:54,0,0
2026-07-03 10:55,0,0
2026-07-03 10:56,0,0
2026-07-03 10:57,0,0
2026-07-03 10:58,0,0
2026-07-03 10:59,0,0
2026-07-03 11:00,0,0
2026-07-03 11:01,0,0
2026-07-03 11:02,1,1
2026-07-03 11:03,0,0
2026-07-03 11:04,0,0
2026-07-03 11:05,0,0
2026-07-03 11:06,0,0
2026-07-03 11:07,0,0
2026-07-03 11:08,0,0
2026-07-03 11:09,1,1
2026-07-03 11:10,0,0
2026-07-03 11:11,1,1
2026-07-03 11:12,0,0
2026-07-03 11:13,0,0
2026-07-03 11:14,0,0
2026-07-03 11:15,1,1
2026-07-03 11:16,1,1
2026-07-03 11:17,0,0
2026-07-03 11:18,0,0
2026-07-03 11:19,0,0
2026-07-03 11:20,0,0
2026-07-03 11:21,0,0
2026-07-03 11:22,0,0
2026-07-03 11:23,0,0
2026-07-03 11:24,0,0
2026-07-03 11:25,0,0
2026-07-03 11:26,0,0
2026-07-03 11:27,1,1
2026-07-03 11:28,2,2
2026-07-03 11:29,0,0
2026-07-03 11:30,0,0
2026-07-03 11:31,1,1
2026-07-03 11:32,0,0
2026-07-03 11:33,0,0
2026-07-03 11:34,0,0
2026-07-03 11:35,0,0
2026-07-03 11:36,0,0
2026-07-03 11:37,1,1
2026-07-03 11:38,0,0
2026-07-03 11:39,0,0
2026-07-03 11:40,0,0
2026-07-03 11:41,0,0
2026-07-03 11:42,0,0
2026-07-03 11:43,0,0
2026-07-03 11:44,0,0
2026-07-03 11:45,1,1
2026-07-03 11:46,0,0
2026-07-03 11:47,0,0
2026-07-03 11:48,0,0
2026-07-03 11:49,0,0
2026-07-03 11:50,0,0
2026-07-03 11:51,1,1
2026-07-03 11:52,0,0
2026-07-03 11:53,0,0
2026-07-03 11:54,1,1
2026-07-03 11:55,0,0
2026-07-03 11:56,1,1
2026-07-03 11:57,0,0
2026-07-03 11:58,0,0
2026-07-03 11:59,0,0
2026-07-03 12:00,0,0
2026-07-03 12:01,0,0
2026-07-03 12:02,0,0
2026-07-03 12:03,0,0
2026-07-03 12:04,0,0
2026-07-03 12:05,0,0
2026-07-03 12:06,0,0
2026-07-03 12:07,0,0
2026-07-03 12:08,0,0
2026-07-03 12:09,1,1
2026-07-03 12:10,0,0
2026-07-03 12:11,0,0
2026-07-03 12:12,0,0
2026-07-03 12:13,0,0
2026-07-03 12:14,0,0
2026-07-03 12:15,0,0
2026-07-03 12:16,0,0
2026-07-03 12:17,0,0
2026-07-03 12:18,0,0
2026-07-03 12:19,0,0
2026-07-03 12:20,0,0
2026-07-03 12:21,0,0
2026-07-03 12:22,0,0
2026-07-03 12:23,0,0
2026-07-03 12:24,0,0
2026-07-03 12:25,1,1
2026-07-03 12:26,0,0
2026-07-03 12:27,0,0
2026-07-03 12:28,0,0
2026-07-03 12:29,0,0
2026-07-03 12:30,1,1
2026-07-03 12:31,0,0
2026-07-03 12:32,0,0
2026-07-03 12:33,1,1
2026-07-03 12:34,0,0
2026-07-03 12:35,0,0
2026-07-03 12:36,1,1
2026-07-03 12:37,1,1
2026-07-03 12:38,0,0
2026-07-03 12:39,1,1
2026-07-03 12:40,0,0
2026-07-03 12:41,1,1
2026-07-03 12:42,0,0
2026-07-03 12:43,0,0
2026-07-03 12:44,0,0
2026-07-03 12:45,0,0
2026-07-03 12:46,0,0
2026-07-03 12:47,0,0
2026-07-03 12:48,0,0
2026-07-03 12:49,0,0
2026-07-03 12:50,0,0
2026-07-03 12:51,0,0
2026-07-03 12:52,0,0
2026-07-03 12:53,0,0
2026-07-03 12:54,0,0
2026-07-03 12:55,0,0
2026-07-03 12:56,0,0
2026-07-03 12:57,1,1
2026-07-03 12:58,0,0
2026-07-03 12:59,0,0
2026-07-03 13:00,0,0
2026-07-03 13:01,0,0
2026-07-03 13:02,1,1
2026-07-03 13:03,0,0
2026-07-03 13:04,0,0
2026-07-03 13:05,1,1
2026-07-03 13:06,0,0
2026-07-03 13:07,0,0
2026-07-03 13:08,0,0
2026-07-03 13:09,0,0
2026-07-03 13:10,0,0
2026-07-03 13:11,0,0
2026-07-03 13:12,2,2
2026-07-03 13:13,1,1
2026-07-03 13:14,0,0
2026-07-03 13:15,0,0
2026-07-03 13:16,0,0
2026-07-03 13:17,0,0
2026-07-03 13:18,1,1
2026-07-03 13:19,0,0
2026-07-03 13:20,1,1
2026-07-03 13:21,1,1
2026-07-03 13:22,0,0
2026-07-03 13:23,0,0
2026-07-03 13:24,0,0
2026-07-03 13:25,0,0
2026-07-03 13:26,0,0
2026-07-03 13:27,0,0
2026-07-03 13:28,0,0
2026-07-03 13:29,0,0
2026-07-03 13:30,0,0
2026-07-03 13:31,0,0
2026-07-03 13:32,0,0
2026-07-03 13:33,0,0
2026-07-03 13:34,0,0
2026-07-03 13:35,1,1
2026-07-03 13:36,1,1
2026-07-03 13:37,0,0
2026-07-03 13:38,1,1
2026-07-03 13:39,0,0
2026-07-03 13:40,0,0
2026-07-03 13:41,0,0
2026-07-03 13:42,0,0
2026-07-03 13:43,1,1
2026-07-03 13:44,0,0
2026-07-03 13:45,0,0
2026-07-03 13:46,0,0
2026-07-03 13:47,1,1
2026-07-03 13:48,0,0
2026-07-03 13:49,0,0
2026-07-03 13:50,0,0
2026-07-03 13:51,0,0
2026-07-03 13:52,0,0
2026-07-03 13:53,1,1
2026-07-03 13:54,0,0
2026-07-03 13:55,0,0
2026-07-03 13:56,0,0
2026-07-03 13:57,0,0
2026-07-03 13:58,0,0
2026-07-03 13:59,0,0
2026-07-03 14:00,0,0
2026-07-03 14:01,0,0
2026-07-03 14:02,0,0
2026-07-03 14:03,0,0
2026-07-03 14:04,0,0
2026-07-03 14:05,0,0
2026-07-03 14:06,0,0
2026-07-03 14:07,0,0
2026-07-03 14:08,0,0
2026-07-03 14:09,0,0
2026-07-03 14:10,0,0
2026-07-03 14:11,0,0
2026-07-03 14:12,0,0
2026-07-03 14:13,0,0
2026-07-03 14:14,0,0
2026-07-03 14:15,0,0
2026-07-03 14:16,0,0
2026-07-03 14:17,0,0
2026-07-03 14:18,0,0
2026-07-03 14:19,0,0
2026-07-03 14:20,0,0
2026-07-03 14:21,0,0
2026-07-03 14:22,0,0
2026-07-03 14:23,0,0
2026-07-03 14:24,0,0
2026-07-03 14:25,0,0
2026-07-03 14:26,0,0
2026-07-03 14:27,0,0
2026-07-03 14:28,0,0
2026-07-03 14:29,1,1
2026-07-03 14:30,0,0
2026-07-03 14:31,0,0
2026-07-03 14:32,0,0
2026-07-03 14:33,0,0
2026-07-03 14:34,0,0
2026-07-03 14:35,0,0
2026-07-03 14:36,0,0
2026-07-03 14:37,0,0
2026-07-03 14:38,0,0
2026-07-03 14:39,0,0
2026-07-03 14:40,0,0
2026-07-03 14:41,0,0
2026-07-03 14:42,0,0
2026-07-03 14:43,0,0
2026-07-03 14:44,0,0
2026-07-03 14:45,0,0
2026-07-03 14:46,0,0
2026-07-03 14:47,0,0
2026-07-03 14:48,0,0
2026-07-03 14:49,0,0
2026-07-03 14:50,1,1
2026-07-03 14:51,0,0
2026-07-03 14:52,0,0
2026-07-03 14:53,0,0
2026-07-03 14:54,0,0
2026-07-03 14:55,0,0
2026-07-03 14:56,0,0
2026-07-03 14:57,0,0
2026-07-03 14:58,0,0
2026-07-03 14:59,0,0
2026-07-03 15:00,0,0
2026-07-03 15:01,0,0
2026-07-03 15:02,0,0
2026-07-03 15:03,0,0
2026-07-03 15:04,0,0
2026-07-03 15:05,0,0
2026-07-03 15:06,0,0
2026-07-03 15:07,0,0
2026-07-03 15:08,0,0
2026-07-03 15:09,0,0
2026-07-03 15:10,0,0
2026-07-03 15:11,0,0
2026-07-03 15:12,0,0
2026-07-03 15:13,0,0
2026-07-03 15:14,0,0
2026-07-03 15:15,0,0
2026-07-03 15:16,0,0
2026-07-03 15:17,0,0
2026-07-03 15:18,0,0
2026-07-03 15:19,0,0
2026-07-03 15:20,0,0
2026-07-03 15:21,0,0
2026-07-03 15:22,0,0
2026-07-03 15:23,0,0
2026-07-03 15:24,0,0
2026-07-03 15:25,0,0
2026-07-03 15:26,0,0
2026-07-03 15:27,0,0
2026-07-03 15:28,0,0
2026-07-03 15:29,0,0
2026-07-03 15:30,0,0
2026-07-03 15:31,2,2
2026-07-03 15:32,0,0
2026-07-03 15:33,0,0
2026-07-03 15:34,1,1
2026-07-03 15:35,0,0
2026-07-03 15:36,0,0
2026-07-03 15:37,2,2
2026-07-03 15:38,1,1
2026-07-03 15:39,0,0
2026-07-03 15:40,0,0
2026-07-03 15:41,0,0
2026-07-03 15:42,0,0
2026-07-03 15:43,0,0
2026-07-03 15:44,0,0
2026-07-03 15:45,0,0
2026-07-03 15:46,1,1
2026-07-03 15:47,1,1
2026-07-03 15:48,0,0
2026-07-03 15:49,0,0
2026-07-03 15:50,0,0
2026-07-03 15:51,0,0
2026-07-03 15:52,0,0
2026-07-03 15:53,0,0
2026-07-03 15:54,0,0
2026-07-03 15:55,0,0
2026-07-03 15:56,0,0
2026-07-03 15:57,1,1
2026-07-03 15:58,0,0
2026-07-03 15:59,0,0
2026-07-03 16:00,0,0
2026-07-03 16:01,0,0
2026-07-03 16:02,0,0
2026-07-03 16:03,0,0
2026-07-03 16:04,0,0
2026-07-03 16:05,0,0
2026-07-03 16:06,0,0
2026-07-03 16:07,0,0
2026-07-03 16:08,1,1
2026-07-03 16:09,0,0
2026-07-03 16:10,0,0
2026-07-03 16:11,0,0
2026-07-03 16:12,0,0
2026-07-03 16:13,0,0
2026-07-03 16:14,0,0
2026-07-03 16:15,1,1
2026-07-03 16:16,0,0
2026-07-03 16:17,0,0
2026-07-03 16:18,0,0
2026-07-03 16:19,0,0
2026-07-03 16:20,0,0
2026-07-03 16:21,0,0
2026-07-03 16:22,1,1
2026-07-03 16:23,1,1
2026-07-03 16:24,0,0
2026-07-03 16:25,0,0
2026-07-03 16:26,0,0
2026-07-03 16:27,0,0
2026-07-03 16:28,0,0
2026-07-03 16:29,1,1
2026-07-03 16:30,1,1
2026-07-03 16:31,0,0
2026-07-03 16:32,0,0
2026-07-03 16:33,1,1
2026-07-03 16:34,0,0
2026-07-03 16:35,0,0
2026-07-03 16:36,1,1
2026-07-03 16:37,1,1
2026-07-03 16:38,0,0
2026-07-03 16:39,0,0
2026-07-03 16:40,1,1
2026-07-03 16:41,0,0
2026-07-03 16:42,1,1
2026-07-03 16:43,0,0
2026-07-03 16:44,0,0
2026-07-03 16:45,0,0
2026-07-03 16:46,0,0
2026-07-03 16:47,0,0
2026-07-03 16:48,0,0
2026-07-03 16:49,0,0
2026-07-03 16:50,1,1
2026-07-03 16:51,0,0
2026-07-03 16:52,0,0
2026-07-03 16:53,2,2
2026-07-03 16:54,0,0
2026-07-03 16:55,0,0
2026-07-03 16:56,0,0
2026-07-03 16:57,0,0
2026-07-03 16:58,0,0
2026-07-03 16:59,0,0
2026-07-03 17:00,0,0
2026-07-03 17:01,0,0
2026-07-03 17:02,0,0
2026-07-03 17:03,0,0
2026-07-03 17:04,0,0
2026-07-03 17:05,0,0
2026-07-03 17:06,0,0
2026-07-03 17:07,0,0
2026-07-03 17:08,0,0
2026-07-03 17:09,0,0
2026-07-03 17:10,0,0
2026-07-03 17:11,0,0
2026-07-03 17:12,1,1
2026-07-03 17:13,0,0
2026-07-03 17:14,0,0
2026-07-03 17:15,0,0
2026-07-03 17:16,0,0
2026-07-03 17:17,0,0
2026-07-03 17:18,1,1
2026-07-03 17:19,0,0
2026-07-03 17:20,0,0
2026-07-03 17:21,1,1
2026-07-03 17:22,0,0
2026-07-03 17:23,0,0
2026-07-03 17:24,0,0
2026-07-03 17:25,0,0
2026-07-03 17:26,0,0
2026-07-03 17:27,0,0
2026-07-03 17:28,0,0
2026-07-03 17:29,0,0
2026-07-03 17:30,1,1
2026-07-03 17:31,0,0
2026-07-03 17:32,0,0
2026-07-03 17:33,0,0
2026-07-03 17:34,0,0
2026-07-03 17:35,0,0
2026-07-03 17:36,0,0
2026-07-03 17:37,0,0
2026-07-03 17:38,0,0
2026-07-03 17:39,0,0
2026-07-03 17:40,1,1
2026-07-03 17:41,0,0
2026-07-03 17:42,1,1
2026-07-03 17:43,0,0
2026-07-03 17:44,0,0
2026-07-03 17:45,0,0
2026-07-03 17:46,0,0
2026-07-03 17:47,0,0
2026-07-03 17:48,0,0
2026-07-03 17:49,0,0
2026-07-03 17:50,0,0
2026-07-03 17:51,0,0
2026-07-03 17:52,0,0
2026-07-03 17:53,0,0
2026-07-03 17:54,0,0
2026-07-03 17:55,0,0
2026-07-03 17:56,0,0
2026-07-03 17:57,0,0
2026-07-03 17:58,0,0
2026-07-03 17:59,0,0
2026-07-03 18:00,1,1
2026-07-03 18:01,0,0
2026-07-03 18:02,0,0
2026-07-03 18:03,0,0
2026-07-03 18:04,0,0
2026-07-03 18:05,1,1
2026-07-03 18:06,0,0
2026-07-03 18:07,0,0
2026-07-03 18:08,0,0
2026-07-03 18:09,0,0
2026-07-03 18:10,0,0
2026-07-03 18:11,0,0
2026-07-03 18:12,0,0
2026-07-03 18:13,0,0
2026-07-03 18:14,1,1
2026-07-03 18:15,0,0
2026-07-03 18:16,0,0
2026-07-03 18:17,0,0
2026-07-03 18:18,0,0
2026-07-03 18:19,0,0
2026-07-03 18:20,0,0
2026-07-03 18:21,0,0
2026-07-03 18:22,0,0
2026-07-03 18:23,0,0
2026-07-03 18:24,0,0
2026-07-03 18:25,0,0
2026-07-03 18:26,0,0
2026-07-03 18:27,0,0
2026-07-03 18:28,0,0
2026-07-03 18:29,0,0
2026-07-03 18:30,0,0
2026-07-03 18:31,0,0
2026-07-03 18:32,0,0
2026-07-03 18:33,0,0
2026-07-03 18:34,0,0
2026-07-03 18:35,0,0
2026-07-03 18:36,0,0
2026-07-03 18:37,0,0
2026-07-03 18:38,0,0
2026-07-03 18:39,0,0
2026-07-03 18:40,0,0
2026-07-03 18:41,0,0
2026-07-03 18:42,0,0
2026-07-03 18:43,0,0
2026-07-03 18:44,0,0
2026-07-03 18:45,0,0
2026-07-03 18:46,0,0
2026-07-03 18:47,0,0
2026-07-03 18:48,0,0
2026-07-03 18:49,0,0
2026-07-03 18:50,1,1
2026-07-03 18:51,0,0
2026-07-03 18:52,0,0
2026-07-03 18:53,1,1
2026-07-03 18:54,0,0
2026-07-03 18:55,0,0
2026-07-03 18:56,0,0
2026-07-03 18:57,0,0
2026-07-03 18:58,0,0
2026-07-03 18:59,0,0
2026-07-03 19:00,0,0
2026-07-03 19:01,0,0
2026-07-03 19:02,0,0
2026-07-03 19:03,0,0
2026-07-03 19:04,0,0
2026-07-03 19:05,0,0
2026-07-03 19:06,0,0
2026-07-03 19:07,0,0
2026-07-03 19:08,0,0
2026-07-03 19:09,0,0
2026-07-03 19:10,0,0
2026-07-03 19:11,0,0
2026-07-03 19:12,0,0
2026-07-03 19:13,0,0
2026-07-03 19:14,0,0
2026-07-03 19:15,0,0
2026-07-03 19:16,1,1
2026-07-03 19:17,0,0
2026-07-03 19:18,1,1
2026-07-03 19:19,1,1
2026-07-03 19:20,0,0
2026-07-03 19:21,0,0
2026-07-03 19:22,0,0
2026-07-03 19:23,0,0
2026-07-03 19:24,0,0
2026-07-03 19:25,0,0
2026-07-03 19:26,0,0
2026-07-03 19:27,0,0
2026-07-03 19:28,0,0
2026-07-03 19:29,0,0
2026-07-03 19:30,0,0
2026-07-03 19:31,0,0
2026-07-03 19:32,1,1
2026-07-03 19:33,0,0
2026-07-03 19:34,0,0
2026-07-03 19:35,0,0
2026-07-03 19:36,0,0
2026-07-03 19:37,0,0
2026-07-03 19:38,1,1
2026-07-03 19:39,0,0
2026-07-03 19:40,0,0
2026-07-03 19:41,0,0
2026-07-03 19:42,0,0
2026-07-03 19:43,0,0
2026-07-03 19:44,0,0
2026-07-03 19:45,0,0
2026-07-03 19:46,0,0
2026-07-03 19:47,0,0
2026-07-03 19:48,0,0
2026-07-03 19:49,0,0
2026-07-03 19:50,0,0
2026-07-03 19:51,0,0
2026-07-03 19:52,0,0
2026-07-03 19:53,0,0
2026-07-03 19:54,1,1
2026-07-03 19:55,0,0
2026-07-03 19:56,0,0
2026-07-03 19:57,0,0
2026-07-03 19:58,0,0
2026-07-03 19:59,0,0
2026-07-03 20:00,2,2
2026-07-03 20:01,0,0
2026-07-03 20:02,1,1
2026-07-03 20:03,0,0
2026-07-03 20:04,0,0
2026-07-03 20:05,0,0
2026-07-03 20:06,0,0
2026-07-03 20:07,1,1
2026-07-03 20:08,0,0
2026-07-03 20:09,0,0
2026-07-03 20:10,0,0
2026-07-03 20:11,0,0
2026-07-03 20:12,0,0
2026-07-03 20:13,0,0
2026-07-03 20:14,0,0
2026-07-03 20:15,0,0
2026-07-03 20:16,0,0
2026-07-03 20:17,0,0
2026-07-03 20:18,0,0
2026-07-03 20:19,0,0
2026-07-03 20:20,0,0
2026-07-03 20:21,0,0
2026-07-03 20:22,0,0
2026-07-03 20:23,0,0
2026-07-03 20:24,0,0
2026-07-03 20:25,1,1
2026-07-03 20:26,1,1
2026-07-03 20:27,0,0
2026-07-03 20:28,0,0
2026-07-03 20:29,0,0
2026-07-03 20:30,0,0
2026-07-03 20:31,0,0
2026-07-03 20:32,0,0
2026-07-03 20:33,0,0
2026-07-03 20:34,0,0
2026-07-03 20:35,0,0
2026-07-03 20:36,0,0
2026-07-03 20:37,0,0
2026-07-03 20:38,0,0
2026-07-03 20:39,1,1
2026-07-03 20:40,0,0
2026-07-03 20:41,1,1
2026-07-03 20:42,1,1
2026-07-03 20:43,0,0
2026-07-03 20:44,0,0
2026-07-03 20:45,1,1
2026-07-03 20:46,0,0
2026-07-03 20:47,0,0
2026-07-03 20:48,0,0
2026-07-03 20:49,0,0
2026-07-03 20:50,0,0
2026-07-03 20:51,0,0
2026-07-03 20:52,0,0
2026-07-03 20:53,0,0
2026-07-03 20:54,0,0
2026-07-03 20:55,0,0
2026-07-03 20:56,1,1
2026-07-03 20:57,0,0
2026-07-03 20:58,0,0
2026-07-03 20:59,0,0
2026-07-03 21:00,0,0
2026-07-03 21:01,0,0
2026-07-03 21:02,0,0
2026-07-03 21:03,0,0
2026-07-03 21:04,0,0
2026-07-03 21:05,0,0
2026-07-03 21:06,0,0
2026-07-03 21:07,0,0
2026-07-03 21:08,0,0
2026-07-03 21:09,0,0
2026-07-03 21:10,0,0
2026-07-03 21:11,0,0
2026-07-03 21:12,0,0
2026-07-03 21:13,0,0
2026-07-03 21:14,0,0
2026-07-03 21:15,0,0
2026-07-03 21:16,1,1
2026-07-03 21:17,0,0
2026-07-03 21:18,0,0
2026-07-03 21:19,1,1
2026-07-03 21:20,0,0
2026-07-03 21:21,0,0
2026-07-03 21:22,0,0
2026-07-03 21:23,0,0
2026-07-03 21:24,0,0
2026-07-03 21:25,0,0
2026-07-03 21:26,0,0
2026-07-03 21:27,0,0
2026-07-03 21:28,0,0
2026-07-03 21:29,1,1
2026-07-03 21:30,0,0
2026-07-03 21:31,0,0
2026-07-03 21:32,0,0
2026-07-03 21:33,0,0
2026-07-03 21:34,0,0
2026-07-03 21:35,0,0
2026-07-03 21:36,0,0
2026-07-03 21:37,0,0
2026-07-03 21:38,1,1
2026-07-03 21:39,0,0
2026-07-03 21:40,1,1
2026-07-03 21:41,0,0
2026-07-03 21:42,0,0
2026-07-03 21:43,0,0
2026-07-03 21:44,0,0
2026-07-03 21:45,0,0
2026-07-03 21:46,0,0
2026-07-03 21:47,0,0
2026-07-03 21:48,0,0
2026-07-03 21:49,0,0
2026-07-03 21:50,0,0
2026-07-03 21:51,1,1
2026-07-03 21:52,0,0
2026-07-03 21:53,0,0
2026-07-03 21:54,0,0
2026-07-03 21:55,0,0
2026-07-03 21:56,0,0
2026-07-03 21:57,0,0
2026-07-03 21:58,0,0
2026-07-03 21:59,0,0
2026-07-03 22:00,0,0
2026-07-03 22:01,1,1
2026-07-03 22:02,0,0
2026-07-03 22:03,0,0
2026-07-03 22:04,0,0
2026-07-03 22:05,0,0
2026-07-03 22:06,2,2
2026-07-03 22:07,0,0
2026-07-03 22:08,0,0
2026-07-03 22:09,0,0
2026-07-03 22:10,0,0
2026-07-03 22:11,0,0
2026-07-03 22:12,1,1
2026-07-03 22:13,0,0
2026-07-03 22:14,0,0
2026-07-03 22:15,0,0
2026-07-03 22:16,0,0
2026-07-03 22:17,0,0
2026-07-03 22:18,0,0
2026-07-03 22:19,0,0
2026-07-03 22:20,0,0
2026-07-03 22:21,0,0
2026-07-03 22:22,0,0
2026-07-03 22:23,0,0
2026-07-03 22:24,0,0
2026-07-03 22:25,0,0
2026-07-03 22:26,0,0
2026-07-03 22:27,0,0
2026-07-03 22:28,0,0
2026-07-03 22:29,0,0
2026-07-03 22:30,0,0
2026-07-03 22:31,0,0
2026-07-03 22:32,0,0
2026-07-03 22:33,0,0
2026-07-03 22:34,0,0
2026-07-03 22:35,0,0
2026-07-03 22:36,0,0
2026-07-03 22:37,0,0
2026-07-03 22:38,0,0
2026-07-03 22:39,0,0
2026-07-03 22:40,0,0
2026-07-03 22:41,0,0
2026-07-03 22:42,0,0
2026-07-03 22:43,0,0
2026-07-03 22:44,0,0
2026-07-03 22:45,0,0
2026-07-03 22:46,0,0
2026-07-03 22:47,0,0
2026-07-03 22:48,0,0
2026-07-03 22:49,0,0
2026-07-03 22:50,0,0
2026-07-03 22:51,0,0
2026-07-03 22:52,0,0
2026-07-03 22:53,0,0
2026-07-03 22:54,0,0
2026-07-03 22:55,0,0
2026-07-03 22:56,0,0
2026-07-03 22:57,0,0
2026-07-03 22:58,0,0
2026-07-03 22:59,0,0
2026-07-03 23:00,0,0
2026-07-03 23:01,0,0
2026-07-03 23:02,0,0
2026-07-03 23:03,0,0
2026-07-03 23:04,0,0
2026-07-03 23:05,0,0
2026-07-03 23:06,0,0
2026-07-03 23:07,0,0
2026-07-03 23:08,0,0
2026-07-03 23:09,0,0
2026-07-03 23:10,0,0
2026-07-03 23:11,0,0
2026-07-03 23:12,0,0
2026-07-03 23:13,0,0
2026-07-03 23:14,0,0
2026-07-03 23:15,0,0
2026-07-03 23:16,0,0
2026-07-03 23:17,0,0
2026-07-03 23:18,0,0
2026-07-03 23:19,0,0
2026-07-03 23:20,0,0
2026-07-03 23:21,0,0
2026-07-03 23:22,0,0
2026-07-03 23:23,0,0
2026-07-03 23:24,0,0
2026-07-03 23:25,0,0
2026-07-03 23:26,0,0
2026-07-03 23:27,0,0
2026-07-03 23:28,0,0
2026-07-03 23:29,0,0
2026-07-03 23:30,0,0
2026-07-03 23:31,0,0
2026-07-03 23:32,0,0
2026-07-03 23:33,0,0
2026-07-03 23:34,0,0
2026-07-03 23:35,0,0
2026-07-03 23:36,0,0
2026-07-03 23:37,0,0
2026-07-03 23:38,0,0
2026-07-03 23:39,0,0
2026-07-03 23:40,0,0
2026-07-03 23:41,0,0
2026-07-03 23:42,0,0
2026-07-03 23:43,0,0
2026-07-03 23:44,0,0
2026-07-03 23:45,0,0
2026-07-03 23:46,0,0
2026-07-03 23:47,0,0
2026-07-03 23:48,0,0
2026-07-03 23:49,0,0
2026-07-03 23:50,0,0
2026-07-03 23:51,0,0
2026-07-03 23:52,0,0
2026-07-03 23:53,0,0
2026-07-03 23:54,0,0
2026-07-03 23:55,0,0
2026-07-03 23:56,0,0
2026-07-03 23:57,0,0
2026-07-03 23:58,0,0
2026-07-03 23:59,0,0
